Topic,Count,Name,Representation,Representative_Docs
-1,22961,-1_of_the_in_and,"['of', 'the', 'in', 'and', 'to', 'with', 'that', 'is', 'for', 'be']","['Clinical signs of pulmonary congestion indicate an increased risk for poor outcome in patients with chest pain due to myocardial ischemia. Mortality of these patients is high, particularly in the first months after presentation. Therefore, hospital admission is warranted, including patients with angina pectoris, who otherwise may be candidates for early discharge.', 'Acute stroke patients with hospital-acquired SUTI are less likely to be discharged home. In our analysis, if poststroke care is necessary, then patients with SUTI are more likely to receive inpatient stroke rehabilitation at the level of care suggestive of lower functional status. For every point increase in NIHSS, stroke patients with SUTI are 10.6% more likely to require continued rehabilitation care in a long-term acute care facility versus a skilled nursing facility compared with 5.6% for patients without SUTI. The combination of premorbid urinary incontinence and urinary tract infection has no additional impact on discharge disposition. This study is limited by its retrospective nature and the undetermined role of psychosocial factors related to discharge. Prospective studies are warranted on the efficacy of early catheter discontinuation, identification of new-onset urinary incontinence, use of genitourinary barriers, and catheter care every shift as variables that can decrease the risk of infection. The information obtained from prospective studies will have an impact on resource use that is of prime importance in the current health care climate.', 'The presence or activation of autophagy was found to play a protective role in human podocytes against high glucose-induced insulin resistance and cell injury, which indicates a novel cellular mechanism and provides a potential therapeutic target for diabetic nephropathy (DN).']"
0,4005,0_cancer_tumor_cells_expression,"['cancer', 'tumor', 'cells', 'expression', 'cell', 'breast', 'prognostic', 'and', 'in', 'that']","['IL-6 was significantly associated with poor prognosis in patients with esophageal cancer. Targeting this cytokine could be a promising strategy for treatment of esophageal cancer, as evidenced by inhibition of aggressive tumor behavior and treatment resistance.', 'These data suggest that COX-2 expression is associated with angiogenesis, lymph node metastasis, and apoptosis in human breast cancer. Moreover, these results warrant further studies with larger series of patients to confirm the association with short disease free survival in patients with breast cancer.', 'These data suggest that apoptosis may play an important role in determining breast cancer response to chemotherapy and that the level of treatment-induced apoptosis may have some value as a predictive marker.']"
1,1066,1_asthma_allergic_airway_ige,"['asthma', 'allergic', 'airway', 'ige', 'allergen', 'il', 'nasal', 'allergy', 'inflammation', 'atopic']","['Omalizumab exerts inhibitory effects on airway inflammation in Japanese patients with severe allergic asthma. This treatment attenuates production of IL-5 by PBMCs stimulated with both a specific allergen and a nonspecific activator. Reduction of the Th2 inflammatory cascade likely contributes to clinical benefits; however, further studies are required to clarify these results due to the small sample size in this study.', 'This in vivo model of HDM-induced allergic airway changes suggests that AHR is not related to either eosinophil influx or allergen-specific serum IgE, thereby reducing the importance of these factors as essential elements for allergic AHR.', 'Our results confirmed that anti-IgE therapy with omalizumab in patients with severe persistent allergic asthma results in decreased expression of ET-1 in the airways. This could be very important in limiting airway inflammation and bronchial structural changes caused by such treatment in asthmatic patients.']"
2,987,2_pain_propofol_morphine_isoflurane,"['pain', 'propofol', 'morphine', 'isoflurane', 'anesthesia', 'analgesia', 'spinal', 'anesthetic', 'lidocaine', 'opioid']","['The analgesic interaction between intrathecally administered bupivacaine and clonidine was examined during acute thermal and inflammatory-induced pain in rats. The analgesia produced by the combination of these two drugs was synergistic in both acute thermal and inflammatory induced pain, with a decrease in behavioral side effects.', 'Both propofol-ketamine and propofol-fentanyl combinations provided effective sedation and analgesia during dressing changes in pediatric burn patients. But propofol-ketamine combination was superior to propofol-fentanyl combination because of more restlessness in patients given propofol-fentanyl.', 'Midazolam premedication reduced propofol requirements and the incidence of intraoperative memory during sedation. These effects on sedation using propofol during spinal anesthesia are considered beneficial for patients.']"
3,833,3_mutation_gene_mutations_genetic,"['mutation', 'gene', 'mutations', 'genetic', 'polymorphism', 'allele', 'genotype', 'variant', 'the', 'risk']","['Our results suggest that genetic variation at the eNOS locus is associated with features of metabolic syndrome, and might represent a new genetic susceptibility component for insulin resistance, hypertriglyceridemia, and low HDL-cholesterol concentrations.', 'It is likely that this mutation causes FMTC, as no other mutation was found in the RET gene, the mutation co-segregates with FMTC, and family members without the mutation are clinically unaffected. As the same point mutation was previously found in a large Brazilian family, it may be present in other populations as well. Therefore, exon 8 of RET should be screened in FMTC families with no identified common RET mutations.', 'Our results suggested that common genetic variants related to vitamin D levels are not associated with risk of ESCC in this Chinese population.']"
4,804,4_pregnancy_endometriosis_women_preeclampsia,"['pregnancy', 'endometriosis', 'women', 'preeclampsia', 'fetal', 'maternal', 'ivf', 'embryo', 'endometrial', 'preterm']","['This study suggests that absolute levels and relative changes in maternal serum M-CSF levels during pregnancy are associated with adverse pregnancy outcomes.', 'Women with endometriosis at first pregnancy have an increased risk of impaired obstetric outcome, while a reduced number of complications occur in the successive gestation. Therefore, it is worthy for obstetricians to increase the surveillance in nulliparous women with endometriosis during pregnancy.', 'We found that the frequencies of preterm birth and placenta previa were significantly increased in women with endometriosis, and the severity of endometriosis might have an adverse impact on ART pregnancy.']"
5,788,5_survival_patients_cancer_stage,"['survival', 'patients', 'cancer', 'stage', 'lymph', 'node', 'tumor', 'chemotherapy', 'prognostic', 'adjuvant']","['We can predict patient prognosis after surgery for non-small cell lung cancer according to the number of lymph nodes instead of the anatomic extent of lymph node metastases. At minimum, the number of metastatic lymph nodes adds more information to the pN category of the current TNM classification system.', 'The sole independent prognostic factor in SM gastric cancer is the involvement of three or more metastatic lymph nodes. We suggest that this simple prognostic indicator for the follow-up of early gastric cancer, and this could lead to potentially effective adjuvant chemotherapy.', 'Although previous clinical trials have not demonstrated a survival difference between patients receiving neoadjuvant versus adjuvant chemotherapy for breast cancer, our study suggests an overall survival benefit in patients with pCR following neoadjuvant chemotherapy compared with patients receiving adjuvant therapy. It is clear that a prospective study needs to be carried out to better elucidate the timing of chemotherapy in patients with TNBC.']"
6,783,6_retinal_corneal_retina_lens,"['retinal', 'corneal', 'retina', 'lens', 'eyes', 'eye', 'glaucoma', 'ocular', 'visual', 'the']","['Our data suggest that ocular complications after implant surgery, including cataract, vitreous hemorrhage, and retinal detachment, were relatively common after ganciclovir implantation but severe vision loss after surgery was low. Presence of immune recovery may lessen the risk of postoperative ocular complications.', 'Global flash mfERG responses of emmetropes and myopes were not found to be significantly different. The measured retinal adaptation response however varied according to the degree of myopia. We hypothesize that dopamine, a neurotransmitter that plays a key role in retinal adaptation and is known to be reduced in myopic eyes, may be involved in the retinal adaptation effect observed.', 'Subretinal visual implants lead to increased capillary microaneurysms, a possible compensatory mechanism following recovery of inner retinal activity. There were no significant changes in capillary loss, calibre alteration of the capillaries, retinal neovascularization and leakage at 4 months. Further study will determine whether and to what degree long-term vascular changes are affected by the surgical procedure, the implant itself and/or recovery of retinal neuronal activity.']"
7,741,7_intestinal_colitis_ibd_gut,"['intestinal', 'colitis', 'ibd', 'gut', 'bowel', 'mucosal', 'uc', 'disease', 'colonic', 'cd']","['The negative impact of colitis on T(R) development in the thymus, which was confirmed in a second model of colitis, has profound implications for the pathogenesis and treatment of human inflammatory bowel disease.', 'Fecal calprotectin predicts clinical relapse of disease activity in patients with CD and UC, whereas small intestinal permeability is a useful predictor of relapse in patients with small intestinal CD.', 'ML-7 has a significant anti-colitis effect in colitis mice. It is mainly associated with the inhibition of the epithelial MLCK protein expression, resulting in ameliorated intestinal mucosal permeability.']"
8,586,8_injury_cardiac_ischemia_reperfusion,"['injury', 'cardiac', 'ischemia', 'reperfusion', 'heart', 'ischemic', 'induced', 'cerebral', 'after', 'activation']","['Post-conditioning protects the rat heart against cold ischemia-reperfusion injury. Our data suggest that this protection involves inhibition of MPTP opening.', 'These results demonstrate that the eNOS provides cardiac protection after myocardial infarction injury through inhibition of cardiac apoptosis and collagen deposition, and suppression of TGF-β1.', 'These findings suggest that EI pretreatment protects against ischemic brain injury via the inhibition of cerebral inflammation and is associated with the PI3K-Akt pathway in rats with MCAO. This drug may be a novel therapeutic agent for patients after stroke.']"
9,476,9_mir_mirna_mirnas_expression,"['mir', 'mirna', 'mirnas', 'expression', '21', 'targeting', 'cancer', '5p', 'target', 'novel']","['These findings indicate that miR-206 may act as a tumor suppressor in OSCC and could serve as a novel therapeutic agent for miR-based therapy.', 'These results demonstrate that miR-221 and miR-222 regulate radiosensitivity, and cell growth and invasion of SGC7901 cells, possibly via direct modulation of PTEN expression. Our study suggests that inhibition of miR-221 and miR-222 might form a novel therapeutic strategy for human gastric cancer.', 'Low miR-1 expression is associated with shortened survival time. MiR-1 may act as a potential prognostic biomarker for HCC patients.']"
10,442,10_ckd_coronary_patients_risk,"['ckd', 'coronary', 'patients', 'risk', 'dialysis', 'cardiovascular', 'arterial', 'stiffness', 'cad', 'serum']","['These results indicate that calcification of the aorta is independently associated with aortic stiffness and serum 25(OH)D level in patients with PAD and in healthy subjects. Aortic stiffness and abnormal vitamin D level may contribute to vascular calcification and are related to higher severity grade of atherosclerotic disease.', 'Renal function is one of the most important factors associated with the extent and severity of coronary atherosclerosis, whereas classical coronary risk factors and the degree of metabolic control were not associated with the severity of coronary atherosclerosis in diabetic patients.', 'In participants of health check-up programs, CKD was associated with increased carotid arterial stiffness without intimal disease, independently of conventional risk factors. These findings indicate that CKD may predispose the carotid arteries to earlier development of arteriosclerosis, characterized by increased arterial stiffness.']"
11,414,11_hiv_infected_infection_cd4,"['hiv', 'infected', 'infection', 'cd4', 'viral', 'antiretroviral', 'aids', 'haart', 'art', 'replication']","['In HIV infection, IL-27-induced gene expression was impaired, indicating HIV-mediated dysregulation of IL-27 functions occurs during HIV infection. This study provides evidence for new viral pathogenic mechanisms contributing to the widespread impairment of immune responses observed in HIV pathogenesis.', 'It is likely that the incidence of HIV/AIDS infection is higher than the 4% identified in our study group. The surgical manifestations in these HIV-positive children are dominated by sepsis, often severe in nature and with opportunistic pathogens. Despite increased knowledge about the disease and widening therapeutic opportunities, our results suggest that many children with HIV infection are not being recognized, despite entry into the healthcare system. Prompt recognition and surgical management of the complications of pediatric HIV infection can sometimes result in a good outcome. Further studies are therefore required to define the true incidence of HIV/AIDS infection in children presenting as a surgical emergency case. These patients may benefit from early antiretroviral therapy. Surgeons are well placed to identify children who are HIV positive and should do more to ensure HIV testing and enrollment into antiretroviral treatment programs.', 'Our study shows that clinical outcomes of HIV-infected patients with CAP are not predicted by CD4+ cell counts or HIV-RNA levels after adjusting for confounders. The management of CAP in patients with HIV infection should not be based on CD4+ cell counts or HIV-RNA levels of the HIV infection.']"
12,401,12_schizophrenia_adhd_antidepressant_social,"['schizophrenia', 'adhd', 'antidepressant', 'social', 'disorder', 'effects', 'disorders', 'the', 'that', 'antipsychotic']","[""The schizophrenia-specific reduction in complex I subunits in the prefrontal cortex is consistent with one of schizophrenia's most prominent deficits, namely, hypofrontality, thus further supporting the hypothesis of mitochondrial dysfunction in this disorder. The abnormal, bidirectional expression of complex I in various brain regions, rather than in a circumscribed area, supports the idea of impaired cerebral circuitry in schizophrenia."", 'Intact social cognitive abilities are associated with better functional outcomes in individuals with schizophrenia. Our data highlight the potentially complex effects of oxytocin on some but not all aspects of social cognition, and support the exploration of intranasal oxytocin as a potential adjunct treatment to improve controlled social cognition in schizophrenia.', 'Our results suggest that genetic factors are shared between schizophrenia and immune disorders. This contributes to an accumulating body of evidence that immune processes may play a role in the etiology of schizophrenia.']"
13,361,13_knee_tendon_joint_acl,"['knee', 'tendon', 'joint', 'acl', 'tibial', 'cartilage', 'medial', 'oa', 'patellar', 'lateral']","['This study shows that an MMPH longitudinal tear in an ACL-deficient knee alters the knee kinematics, particularly the anterior-posterior tibial translation. MMPH repair significantly improved anterior-posterior tibial translation in ACL-deficient knees.', 'Knee extensor power was more important than isometric knee strength in understanding medial knee loads during gait.', 'The differences between mild and moderate symptomatic radiographic knee OA are not only structural but also functional, based on the magnitude of load in the medial knee joint. Moreover, knee adduction angular impulse provides additional information beyond that available from the peak knee adduction moment, and may therefore be an important gait parameter to include in OA research. These findings are important for our understanding of the pathophysiologic mechanisms of OA.']"
14,349,14_hcv_hbv_hepatitis_viral,"['hcv', 'hbv', 'hepatitis', 'viral', 'infection', 'ifn', 'hcc', 'svr', 'interferon', 'antiviral']","['HCV 1a or 2a envelope proteins do not modulate NK cell function when expressed as a part of infectious HCV particles. Without direct inhibition by HCV, NK cells may become activated by cytokines in acute HCV infection and contribute to infection outcome and disease pathogenesis.', ""HCV genotype 3 is associated with a significantly increased risk of developing cirrhosis and HCC compared to HCV genotype 1. This association is independent of patients' age, diabetes, body mass index, or antiviral treatment."", 'These results suggest a novel therapeutic approach for the treatment of HCV infection.']"
15,348,15_plant_plants_species_leaf,"['plant', 'plants', 'species', 'leaf', 'the', 'seed', 'genes', 'that', 'of', 'and']","['These results further strengthen the idea that plant resistance to rapamycin evolved as a consequence of mutations in plant FKBP proteins. The production of rapamycin-sensitive plants through the expression of the ScFKBP12 protein illustrates the conservation of the TOR pathway in eukaryotes. Since AtTOR null mutants were found to be embryo lethal 1, transgenic ScFKBP12 plants will provide an useful tool for the post-embryonic study of plant TOR functions. This work also establish for the first time a link between TOR activity and translation in plant cells.', 'The study demonstrated a significant and organ-specific impact of drought upon sulfate assimilation. The sulfur metabolism related alterations at the transcriptional, metabolic and enzyme activity level are consistent with a promotion of root growth to search for water at the expense of leaf growth. The results provide evidence for the importance of antagonistic regulation of sulfur metabolism in leaves and roots to enable successful drought stress response at the whole plant level.', 'Differentially expressed genes identified provide additional insights into the coordination of the complex N responses of plants and the components of the N response mechanism. Putative N regulatory elements were identified to reveal possible new components of the regulatory network for plant N responses. A better understanding of the complex regulatory network for plant N responses will help lead to strategies to improve N use efficiency.']"
16,346,16_implant_dental_caries_implants,"['implant', 'dental', 'caries', 'implants', 'resin', 'teeth', 'bone', 'the', 'surface', 'tooth']","['Implants with straight collars had less bone loss at the 5-year interval than implants with stepped collars. Bone level changes were greater when the implant was placed further subcrestal. The digitally converted radiographic method was significantly more precise for evaluating changes in bone levels. These findings suggest that implant geometry and implant surface roughness may play a significant role in bone level changes in the esthetic zone.', 'Affected individuals receiving tooth replacement therapy with dental implants reported satisfaction with the outcome. A higher level of complications, including infection, mechanical problems, and implant loss, relative to the unaffected population was reported.', 'All implants showed good primary stability at baseline in terms of insertion torque. The results of this study suggest that surface treatment may have significant effects on biological stability 3 weeks after implant placement. Further studies are needed to confirm these initial observations in poor quality bone.']"
17,342,17_lv_myocardial_crt_ventricular,"['lv', 'myocardial', 'crt', 'ventricular', 'patients', 'echocardiography', 'left', 'ecg', 'systolic', 'with']","['Left ventricular pre-ejection interval and IVMD predict favourable LV remodelling on CRT. The additional application of tissue Doppler parameters may further increase specificity and negative predictive value.', 'Direct quantification of the percentage infarct size by strain rate imaging combined with wall motion analysis yields high diagnostic accuracy and better correlation to LE-MRI compared with other echocardiographic indices of global LV function. Echocardiography performed ~1 month after myocardial infarction showed ability to identify the patients with the infarct size >12%.', 'LV longitudinal dysfunction was associated with greater risk of sudden cardiac death/life-threatening ventricular arrhythmias. In combination with echocardiographic right heart variables, also available from routine echocardiography, these measures provide important outcome information and should be considered a useful adjunct to established markers such as QRS duration in the estimation of prognosis in this challenging population.']"
18,315,18_care_research_sample_to,"['care', 'research', 'sample', 'to', 'health', 'meta', 'trials', 'reviews', 'retrospective', 'physician']","['Most of the sample of recent meta-analyses showed that there were signs of imbalance and/or heterogeneity in ages between treatment groups, when there should have been none. Systematic reviewers might consider using the techniques described here to assess the validity of their findings.', 'GPs who participated in diabetes registers were more likely to provide patient care that more closely adhered to evidence-based guidelines than those who did not. Further research is needed to determine whether this was the result of characteristics of the GPs themselves, or their practices, or a was a consequence of their participation.', ""The stronger a physician's relationship with a health plan, the more positive the physician's experience with care management practices and policies was. The concordance between the types of available practices and physicians' ratings suggests that health plans and physicians agree about how to improve the quality of care.""]"
19,315,19_bladder_urinary_incontinence_anal,"['bladder', 'urinary', 'incontinence', 'anal', 'hernia', 'sphincter', 'detrusor', 'continence', 'prolapse', 'with']","[""1. Single nerve fibre action potentials (APs) of lower sacral nerve roots were recorded extracellularly with 2 pairs of wire electrodes during an operation for implanting an anterior root stimulator for bladder control in 9 humans with a spinal cord injury and a dyssynergia of the urinary bladder. Roots that were not saved and that were used to record from were later used for morphometry. 2. Nerve fibre groups were identified by conduction velocity distribution histograms of single afferent and efferent fibres and partly by nerve fibre diameter distribution histograms, and correlation analysis was performed. Group conduction velocity values were obtained additionally from compound action potentials (CAPs) evoked by electrical stimulation of nerve roots and the urinary bladder. 3. The group conduction velocities and group nerve fibre diameters had the following pair-values at 35.5 degrees C: Spindle afferents: SP1 (65 m/s / 13.1 microm), SP2 (51/12.1); touch afferents: T1 (47/11.1), T2 (39/10.1), T3 (27/9.1), T4 (19/8.1); urinary bladder afferents: S1 (41 m/s / -), ST (35/-); alpha-motoneurons: alpha 13 (-/14.4), alpha 12 (65 m/s /13.1 microm), alpha 11 (60?/12.1)[FF], alpha 2 (51/10.3)[FR], alpha 3 (41/8.2)[S]; gamma-motoneurons: gamma(beta) (27/7.1), gamma 1 (21/6.6), gamma 21 (16/5.8), gamma 22 (14/5.1); preganglionic parasympathetic motoneurons: (10 m/s / 3.7 microm). 4. The values of group conduction velocity and group nerve fibre diameter measured in the paraplegics were very similar to those obtained earlier from brain-dead humans and patients with no spinal cord injury. Also, the axon number and the axon density of myelinated fibres of lower sacral nerve roots remain unchanged following spinal cord injury. Thus the classification and identification of nerve fibre groups remained preservedfollowing spinal cord injury. A direct comparison can thus be made of natural impulse patterns of afferent and efferent nerve fibres between paraplegics (pathologic) and brain-dead humans (supraspinal destroyed CNS, in many respects physiologic). 5. When changing the root temperature from 32 degrees C to 35.5 degrees C, the group conduction velocities changed in the following way in one case: SP2: 40 m/s (32 degrees C) to 50 m/s (35.5%), S1: 31.3 to 40, ST: 25 to 33.8, M: 12.5 to 13.8; alpha 2: 40 to 50, alpha 3: 33 to 40. The group conduction velocities showed different temperature dependence apart from SP2 fibres and alpha 2-motoneurons. 6. Upon retrograde bladder filling the urinary bladder stretch (S1) and tension receptor afferent (ST) activity levels were undulating and increased. As compared to activity levels detected in a brain-dead human, S1 (designates afferents, not cord segment) and ST afferents fired even when the bladder was empty, with an activity level similar to those observed in a brain-dead human with the bladder half filled. Two reasons are brought forward for an too small storage volume of the urinary bladder in paraplegics: too high afferent activity of the bladder due to changed receptor field signal transduction mechanisms and too low compliance. 7. With the newly developed 'coordination dynamics therapy', applied early after spinal cord injury, such complications of bladder functioning can be avoided; the bladder can causally be cured in severe spinal cord injury."", 'The glycogen content of a bladder reflects the history of bladder dysfunction, also when measured during a recovery period. This window on the functional history of a bladder may be of clinical value for picking out potential bad-responders to therapy in patients with incomplete data on bladder function during a previous period of bladder obstruction.', 'The urodynamic study revealed a temporal effect on bladder function, and women with diabetic voiding dysfunction were found to have had a longer duration of DM than women with an overactive detrusor. However, aging and recurrent urinary tract infections are the two independent factors that contribute to impaired voiding function and diabetic bladder dysfunction.']"
20,301,20_depression_symptoms_depressive_ad,"['depression', 'symptoms', 'depressive', 'ad', 'cognitive', 'personality', 'dementia', 'anxiety', 'mental', 'suicide']","['Although unrelated to depressive symptoms in the setting of major depression and chronic medical illness, higher religious involvement is associated with positive emotions, a finding which may influence the course of depression over time.', 'Clinical depression occurring soon after stroke is associated with impaired recovery when patients are assessed 14 months later. Depression has a negative effect on recovery in functional status and cognitive performance and may produce deterioration in physical capacity in a number of patients. Physicians would be well advised to be alert for depression and intervene early. Effective treatment of depression may enhance stroke rehabilitation.', 'These findings suggest that neuropsychiatric symptoms in MCI are a predictor of progression to AD. Depression and apathy appear to be most useful for identifying MCI subjects at highest risk of developing dementia.']"
21,298,21_eating_food_weight_intake,"['eating', 'food', 'weight', 'intake', 'dietary', 'obesity', 'children', 'nutrition', 'overweight', 'fat']","['Fast eating rates are associated with obesity and other cardiometabolic risk factors, particularly in men. Thus, eating slowly is recommended for weight reduction and to decrease cardiovascular risk factors.', ""Fruit/vegetable intake and eating behaviors mediated the intervention's effect on weight change. The findings suggest that sending text-messages that promote healthy eating strategies resulted in moderate short-term weight loss."", ""Psychological dimensions of eating behaviour are associated with patterns of food intake, in particular for consumption of sweets, and are most prominent in the parents. The children's food intake mirrored their parents' intake. Being sensitive to external food cues may increase unhealthy food consumption in our society, whereas more restrained eating may indicate proneness or intention to healthier food choices among parents. Emotional eating may imply a proneness to consume sweets for comfort, in particular among mothers.""]"
22,295,22_notch_cell_actin_that,"['notch', 'cell', 'actin', 'that', 'signaling', 'we', 'our', 'the', 'drosophila', 'of']","['Our results demonstrate that Jagged1-mediated Notch signaling regulates multiple cell fate decisions as well as differentiation in the respiratory system to coordinate lung development and to maintain a balance of airway cell types in adult life.', 'Our modeling results suggest that tip cell overtaking can occur spontaneously due to the stochastic motion of cells during sprouting. Thus, tip cell overtaking and sprouting dynamics may be interdependent and should be studied and interpreted in combination. VEGF-Dll4-Notch can regulate the ability of cells to occupy the tip cell position in our simulations. We propose that the function of VEGF-Dll4-Notch signaling might not be to regulate which cell ends up at the tip, but to assure that the cell that randomly ends up at the tip position acquires the tip cell phenotype.', 'From these experiments we can make several novel conclusions about the role of Notch ligands in T cell biology. The first is that delta-like 4 suppresses effector cell proliferation and enhances Th2 memory cell proliferation. The second is that blocking one Notch ligand in vivo effectively increases the concentration of other Notch ligands, which can then alter the response.']"
23,288,23_renal_kidney_tubular_injury,"['renal', 'kidney', 'tubular', 'injury', 'mesangial', 'fibrosis', 'tgf', 'glomerular', 'inflammatory', 'induced']","['The results of this study have demonstrated that SM significantly prevents renal I/R injury-induced renal tubular changes in the rat. SM in 50 mg/kg was observed to be sufficient to significantly prevent renal tubular necrosis. Further, to our literature knowledge, this is the first specific study to demonstrate the preventive effect of SM on renal I/R injury.', 'These findings suggest that PMX-DHP may protect against acute kidney injury not only by inhibiting the NF-κB signaling pathway but also by preventing renal tubular cell apoptosis.', 'In contrast to lung injury and antibody-dependent glomerular injury, MMP-12 is not required for renal interstitial macrophage accumulation, interstitial fibrosis or tubular damage in the obstructed kidney.']"
24,285,24_probnp_nt_bnp_heart,"['probnp', 'nt', 'bnp', 'heart', 'failure', 'ctni', 'myocardial', 'patients', 'cardiac', 'ventricular']","['Serum NT-proBNP is frequently increased in severe sepsis patients, and non-survivors have higher levels than survivors. High levels of admission NT-proBNP are associated with mortality.', 'NT-proBNP has traditionally been described as a marker of heart failure and left ventricular dysfunction. In this study of long-term surviving type 1 diabetic patients, we found NT-proBNP associated with nephropathy, neuropathy and macrovascular disease. If confirmed by prospective studies, NT-proBNP might be a useful prognostic marker of diabetes-related complications.', 'The magnitude of plasma NT-proBNP decrease in patients with acute heart failure is helpful in discrimination of patients at high risk of death. Plasma NT-proBNP level monitoring is important for risk stratification in this group of patients.']"
25,281,25_cartilage_chondrocytes_oa_articular,"['cartilage', 'chondrocytes', 'oa', 'articular', 'bone', 'chondrocyte', 'differentiation', 'mmp', 'collagen', 'matrix']","['Our observations collectively suggest that upregulation of LCN2 in OA cartilage is not sufficient or necessary for OA cartilage destruction in mice.', 'Our findings demonstrate the role of zonal chondrocyte interactions in regulating cell mineralization and provide a plausible mechanism for the post-natal regulation of articular cartilage matrix organization. These findings also have significant implications in understanding the pathology of articular cartilage as well as devising strategies for functional cartilage repair.', 'The positive correlations of chondrocyte apoptosis with early stages of OA and severity of cartilage damage in the joints, suggest that this process is intrinsically linked to cartilage damage and may be associated with the initiation of cartilage degradation in OA.']"
26,266,26_statins_atorvastatin_simvastatin_statin,"['statins', 'atorvastatin', 'simvastatin', 'statin', 'endothelial', 'effects', 'diabetic', 'arginine', 'ldl', 'induced']","['Statins regulate TM expression via inhibition of small G proteins of the Rho family; Rac/Cdc42. A statin-mediated increase in TM expression by endothelial cells may contribute to the beneficial effects of statins on endothelial function.', 'Our data show that statins exert concentration- and cell type-dependent effects on angiogenic activity of endothelial cells and on VEGF synthesis. The data are of relevance for elucidating the differential activity of statins on angiogenesis in cardiovascular diseases and cancer.', 'The present results suggest that protein prenylation inhibition by statins may be involved in statin-induced VSMC apoptosis. These data provide a new potential mechanism by which statins may modulate the evolution of atherosclerotic lesions.']"
27,264,27_mrsa_strains_coli_virulence,"['mrsa', 'strains', 'coli', 'virulence', 'isolates', 'resistant', 'resistance', 'antibiotic', 'infection', 'antibiotics']","['A history of a MRSA-positive culture and a positive nasal PCR screen are poor surrogate markers of preoperative colonization status, missing at least 70% of MRSA-colonized patients. Prior-year history is also not independently associated with MRSA-related postoperative infections. Strong consideration should be given to preoperative MRSA screening in patients at high risk for surgical complications.', 'ESBL-producing E. coli isolates are also a major threat in the clinical setting. The findings of this study indicated the high occurrence of ESBLs and multiple antibiotic resistance in E. coli isolates.', 'Patients were a major reservoir for MRSA. Infection control efforts should focus on preventing transmission of MRSA from patients who are MRSA carriers to other patients on the unit.']"
28,260,28_insulin_fat_fatty_adipose,"['insulin', 'fat', 'fatty', 'adipose', 'glucose', 'oil', 'obesity', 'diet', 'cholesterol', 'dietary']","['Our results demonstrate that chronic CO treatment prevents the development of high-fat diet induced obesity via stimulation of metabolism and remodeling of adipocytes.', 'IGF-1 release by adipocytes is regulated by glucose and fatty acids and may contribute to the control of cancer cell growth in obese individuals.', 'These results suggest that the down-regulation of the jejunal level of anorectic NAEs by dietary fat is not restricted to rats, and that the fatty acid component oleic acid, in dietary olive oil may be sufficient to mediate this regulation. Thus, a fatty acid sensor may mediate this effect of dietary fat.']"
29,246,29_liver_regeneration_hepatic_hepatocyte,"['liver', 'regeneration', 'hepatic', 'hepatocyte', 'hepatocytes', 'fibrosis', 'transplantation', 'cell', 'injury', 'hepatectomy']","['This study provides in vivo evidence that increased apoptosis of hepatocytes not only impairs liver homeostasis but is also accompanied by hepatocyte proliferation and hepatocarcinogenesis. Our findings might have implications for understanding apoptosis-related human liver diseases.', 'Pretreatment of fibrotic liver with IL-6 improves hepatic microenvironment and primes it for MSC transplantation leading to enhanced reduction of liver injury after fibrosis. Synergistic effect of IL-6 and MSCs seems a favored therapeutic option in attenuation of liver apoptosis and fibrosis accompanied by improved liver function.', 'Endogenous and exogenous growth factors and direct neovascularization after endothelial progenitor cell transplantation promoted liver regeneration, thus improving survival after liver injury. Transplantation of endothelial progenitor cells could represent a new therapeutic strategy for promoting liver regeneration.']"
30,246,30_ad_aβ_apoe_alzheimer,"['ad', 'aβ', 'apoe', 'alzheimer', 'tau', 'amyloid', 'cognitive', 'dementia', 'disease', 'brain']","['The APOE epsilon4 allele is a weaker predictor for dementia in the general population than for AD. This may be because dementia can be caused by non-AD pathological processes and because most prevalent dementia occurs at an age when the APOE epsilon4 effect on AD risk (and therefore dementia) has started to decline.', 'Taken together, the findings in this study provide experimental evidence that DNA damage markers are significantly increased in AD and non-AD dementia. The biomarkers identified outperformed the standard CSF markers for diagnosing AD and non-AD dementia in the cohort investigated.', ""Background β-Amyloid (Aβ) is a key pathologic element in Alzheimer's disease (AD), but the mechanisms by which it disrupts neuronal function in vivo are not completely understood. AD is characterized by a prothrombotic state, which could contribute to neuronal dysfunction by affecting cerebral blood flow and inducing inflammation. The plasma protein factor XII triggers clot formation via the intrinsic coagulation cascade, and has been implicated in thrombosis. Objectives To investigate the potential for Aβ to contribute to a prothrombotic state. Methods and results We show that Aβ activates FXII, resulting in FXI activation and thrombin generation in human plasma, thereby establishing Aβ as a possible driver of prothrombotic states. We provide evidence for this process in AD by demonstrating decreased levels of FXI and its inhibitor C1 esterase inhibitor in AD patient plasma, suggesting chronic activation, inhibition and clearance of FXI in AD. Activation of the intrinsic coagulation pathway in AD is further supported by elevated fibrin levels in AD patient plasma. Conclusions The ability of Aβ to promote coagulation via the FXII-driven contact system identifies new mechanisms by which it could contribute to neuronal dysfunction and suggests potential new therapeutic targets in AD.""]"
31,245,31_susceptibility_hla_cd_ra,"['susceptibility', 'hla', 'cd', 'ra', 'polymorphisms', 'polymorphism', 'genetic', 'gene', 'allele', 'associated']","['Within defined statistical parameters, we excluded a role for the CARD15 1007fs and R702W variants in RA susceptibility. These data do not preclude a role for other polymorphisms in the CARD15 gene in RA susceptibility. Results from other autoimmune and inflammatory diseases will reveal whether the CARD15 gene is in fact a common autoimmune susceptibility locus.', 'EBV seems to function as an environmental risk factor for RA, particularly in patients with the RA-linked HLA-DRB1 alleles.', 'These data suggest that IL-6 gene polymorphisms are associated with disease susceptibility and phenotype of SLE. In addition, promoter polymorphisms may be involved in regulation of IL-6 expression.']"
32,244,32_lps_bile_inflammatory_liver,"['lps', 'bile', 'inflammatory', 'liver', 'induced', 'sepsis', 'ho', 'il', 'injury', 'lung']","['These data demonstrate that endogenous IL-10 exerts an anti-inflammatory role during reperfusion injury, possibly by regulating early stress related genetic response, adhesion molecule expression, neutrophil recruitment, and subsequent cytokine and oxidant generation.', 'Bile salt secretion after human liver transplantation recovers more rapidly than phospholipid secretion. This results in cytotoxic bile formation and correlates with bile duct injury. These findings suggest that endogenous bile salts have a role in the pathogenesis of bile duct injury after liver transplantation.', 'In hepatocytes, bile acid-induced toxicity is not prevented by scavengers of oxidative stress. The beneficial effects observed in patients might be because of the contribution of ROS and cytokines rather than bile acid-mediated oxidative stress. However, the use of specific Src kinase inhibitors might be a useful tool to prevent bile acid-induced injury in liver diseases.']"
33,240,33_ablation_aortic_af_hypothermia,"['ablation', 'aortic', 'af', 'hypothermia', 'valve', 'after', 'atrial', 'patients', 'surgery', 'mortality']","['Proximal aortic replacement adds no risk to the patient beyond the aortic valve intervention alone. These findings suggest proximal aortic replacement is safe for patients undergoing valve operations. Patients with a moderately enlarged proximal aorta that may dilate further should also be considered for aortic replacement at the time of valve procedures.', 'The major finding of our study is that patient-prosthesis mismatch does not affect left ventricular mass regression in patients older than 65 with pure aortic stenosis who underwent mechanical aortic valve replacement. In older patients with low cardiac output requirements, even a small change in the valve effective orifice area after aortic valve replacement with modern efficient mechanical prosthesis, will result in a marked reduction of pressure gradient and this will be associated with a significant regression of left ventricular mass.', 'In this single center consistent study of over 500 cases of AF ablation, patients with AF recurrence had a larger atrium, longer ablation time, and a higher chance of early recurrence than those remained in sinus rhythm. Inadvertent, long duration of ablation was an independent predictor of worse clinical outcomes after catheter ablation of AF.']"
34,210,34_ra_synovial_arthritis_fls,"['ra', 'synovial', 'arthritis', 'fls', 'il', 'tnf', 'mtx', 'joint', 'inflammatory', 'rheumatoid']","['These results support the hypothesis that Th17 cells are involved in the pathogenesis of RA and suggest that circulating CD4+CD161+ T cells are a potential biomarker of RA disease activity.', 'Anti-TNF therapy was associated with a significantly lower risk of cardiovascular events among patients with RA, older patients with RA and patients without prior exposure to methotrexate.', 'The findings in the present study indicate, for the first time, that IL-29 is dysregulated in patients with RA, which may contribute to the RA pathogenesis via inducing the production of proinflammatory cytokines, chemokines or matrix metalloproteinases in synovial fibroblasts.']"
35,209,35_pancreatitis_pancreatic_biliary_acute,"['pancreatitis', 'pancreatic', 'biliary', 'acute', 'ercp', 'bile', 'acinar', 'duct', 'pancreatectomy', 'cholecystectomy']","['The level of NF-κB activation correlates with the severity of acute pancreatitis in mice. Longer periods of activation (3 months) lead to chronic pancreatitis. These findings indicate that strategies to inactivate NF-κB might be used to treat patients with acute or chronic pancreatitis.', 'Ethanol induces the generation of oxygen radicals in pancreatic acinar cells. These levels increase upon induction of alcohol-induced pancreatitis. Similar to other models of acute pancreatitis, OFRs may therefore be involved in activating the cascade of self-digestion in alcohol-induced pancreatitis.', 'The identification of a second mutation in the cationic trypsinogen gene (HP2) suggests a dominant role of trypsin in premature protease activation-mediated forms of acute pancreatitis. The pathogenesis of hereditary pancreatitis also suggests that chronic pancreatitis may result from recurrent acute pancreatitis.']"
36,206,36_ventilation_peep_valve_mitral,"['ventilation', 'peep', 'valve', 'mitral', 'defibrillation', 'lung', 'hfov', 'annuloplasty', 'pressure', 'respiratory']","['Independent of the use of inhaled nitric oxide, high frequency jet ventilation appears to provide better ventilation than conventional mechanical ventilation and is safe to transport pre-ECMO neonates.', 'In patients with potentially reversible underlying diseases resulting in severe acute respiratory failure that is unresponsive to conventional ventilation, high-frequency ventilation improves gas exchange in a rapid and sustained fashion. The magnitude of impaired oxygenation and its improvement after high-frequency ventilation can predict outcome within 6 hrs.', 'In patients with mainly pulmonary acute respiratory distress syndrome, using high mean airway pressure under high-frequency oscillatory ventilation can worsen right ventricular function when compared with protective conventional mechanical ventilation, notably in patients in whom high-frequency oscillatory ventilation produced less alveolar recruitment of the posterior parts of the lungs. This study highlights the interest of monitoring right ventricular function during high-frequency oscillatory ventilation.']"
37,206,37_infants_preterm_neonatal_birth,"['infants', 'preterm', 'neonatal', 'birth', 'care', 'prenatal', 'term', 'delivery', 'maternal', 'women']","['Low birth weight NICU infants are at significant risk for AN. ELBW infants are at significantly higher risk for both AN and SNHL. Infants admitted to the NICU should be routinely screened by automated ABR and if abnormal, further evaluation should be started before hospital discharge. Early identification of AN will result in better understanding of this disorder and lead to the development of appropriate intervention strategies.', 'Compared to term infants, not only preterm but also late preterm and near-term CDH children carry an increased risk of ND delays. Motor performance appears most susceptible to earlier delivery.', 'Low Hb level at birth was significantly associated with mortality and receiving blood transfusion in preterm infants born at ≤32 weeks gestation. Further studies are needed to determine the association between Hb level at birth and long-term neurodevelopmental outcomes.']"
38,205,38_prostate_cancer_androgen_prostatic,"['prostate', 'cancer', 'androgen', 'prostatic', 'cells', 'ar', 'cell', 'growth', 'expression', 'epithelial']","['These results indicate that O-GlcNAc expression level in prostate cancer cells is associated with poor prognosis of prostate cancer patients and likely enhances tumor cell proliferation and invasion.', 'Many genes with altered expression associated with a metastatic prostate cancer phenotype were identified. Further validation of these genes in human prostate samples will determine their usefulness as biomarkers for early diagnosis of recurrence or metastasis of prostate cancer, as well as potential therapeutic targets for this disease.', 'Together, these results show that AhR is constitutively active in advanced prostate cancer cell lines that model hormone refractory prostate cancer. Chemical ablation of AhR signaling can reduce the growth of advanced prostate cancer cells, an effect not achieved with androgen receptor inhibitors or growth in androgen depleted media.']"
39,186,39_pylori_gastric_infection_eradication,"['pylori', 'gastric', 'infection', 'eradication', 'caga', 'gastritis', 'ulcer', 'strains', 'infected', 'peptic']","['H. pylori infection induces apoptosis and the activation of caspases -3 and -9 in gastric cancer cells. Moreover, the caspase inhibitors significantly suppress H. pylori-induced apoptosis. These findings suggest that the mitochondrial pathway may be the major pathway in H. pylori-induced apoptosis in gastric epithelial cells.', 'Using a novel CagA(+)H pylori infection model, we report here that the development of tolerance to H pylori protects from gastric cancer precursor lesions. The age at initial infection may thus account for the differential susceptibility of infected persons to H pylori-associated disease manifestations.', 'Neither H. pylori infection nor H. pylori infection by CagA+ strains reduce the risk of BE in a population with high prevalence of H. pylori infection.']"
40,184,40_prostate_psa_biopsy_cancer,"['prostate', 'psa', 'biopsy', 'cancer', 'men', 'gleason', 'prostatectomy', 'prostatic', 'grade', 'biochemical']","['Although inflammation on initial and subsequent biopsy does not predict prostate cancer in this cohort, we cannot dismiss its role in prostate cancer pathogenesis. Additional research is necessary to explore the relationship between prostate inflammation and prostate cancer development.', 'An increase in prostate specific antigen following androgen stimulation in men with prostate specific antigen between 2.5 and 4.0 ng/ml was highly predictive of the subsequent diagnosis of prostate cancer and it correlated with disease volume. If these findings are corroborated, prostate specific antigen provocation may become an important strategy to identify men at risk for harboring prostate cancer and minimize the number undergoing unnecessary biopsies.', 'The results of this study indicate that high T levels in prostate tissue are related to high Gleason score, advanced clinical stage, and a high percentage of positive biopsy cores in patients with prostate cancer. T level in needle biopsy specimens may therefore be a useful prognostic factor in prostate cancer patients.']"
41,169,41_bone_osteogenic_mscs_bmp,"['bone', 'osteogenic', 'mscs', 'bmp', 'healing', 'cells', 'differentiation', 'cell', 'msc', 'tissue']","['BMP-2-impregnated biomimetic scaffolds successfully induce bone healing in a marginal mandibular defect in the rat. Percentage healing of defect, percentage of bone within healed tissue, and total bone volume are all a function of BMP-2 dosing. There appears to be an optimal dose of 5 μg beyond which there is no increase in bone volume.', 'Dermal cells are a promising cell population for bone regeneration; unfortunately, the osteogenic potential of unsorted cells was quite low. This study demonstrated that a specific cell population in human dermis-bone morphogenetic protein receptor IB (BmprIB)+ cells-exhibited significantly higher osteogenic potential than unsorted dermal cells by repairing critical-sized calvarial defects in an immunodeficient mouse model. This animal study is an extension of a previous in vitro finding in which BmprIB was proven as a marker for enrichment of osteogenic precursor-like cells in human dermis, indicating that the selective cell population BmprIB from human dermis is a promising osteogenic progenitor cell that can provide a large-quantity and high-quality cell source for bone tissue engineering.', 'New synthetic bone substitutes may offer a better condition for bone regeneration compared to the traditional bone substitute in combination with mesenchymal stem cells. They remained in the defect and contributed bone regeneration. The use of the mesenchymal stem cell in conjunction with bone substitutes can enhance bone regeneration more than PRP.']"
42,168,42_exercise_bone_muscle_sarcopenia,"['exercise', 'bone', 'muscle', 'sarcopenia', 'bmd', 'mass', 'supplementation', 'training', 'cho', 'osteoporosis']","['The results suggest that in addition to the skeletal dysplasia, SDS is associated with a more generalized bone disease characterized by low bone mass, low bone turnover and by vertebral fragility fractures. Osteoporosis may result from a primary defect in bone metabolism, and could be related to the bone marrow dysfunction and neutropenia.', 'Increased muscle mass resulting from inhibition of myostatin function improves the positive effects of exercise on bone strength.', 'Uncomplicated diabetes does not seem to accelerate aging-related muscle mass or strength loss. Exercise test parameters may be useful markers in the screening of sarcopenia.']"
43,161,43_hearing_cochlear_speech_ci,"['hearing', 'cochlear', 'speech', 'ci', 'auditory', 'users', 'implant', 'electrode', 'noise', 'perception']","['The extraction of temporal fine structure cues supplemented in speech processing strategy of cochlear implant benefits the improvements in tone perception and the understanding of speech in cochlear implant recipients, which can further promotes their quality of life.', 'In cochlear implant recipients, acoustically evoked cochlear potentials are detectable even if hearing is extremely limited. Sensitive measures of cochlear and neural status can characterize the state of hair cell and neural function before implantation. Whether this information correlates with speech performance outcomes or can help in tailoring electrode type, placement or audiometric fitting, can be determined in future studies.', 'Bilateral cochlear implantation allowed for better speech recognition in noise relative to unilateral performance for a group of 12 children who underwent sequential bilateral cochlear implantation at various ages. There was not a statistically significant relationship between speech recognition in noise benefit, which was defined as the difference in performance between the first implanted ear and the bilateral condition and the age at which the second implant was received. Children receiving bilateral cochlear implants younger than 4 years of age achieved better speech recognition in quiet performance for the later implanted ear as compared with children receiving their second cochlear implant after 4 year of age.']"
44,158,44_sperm_testicular_spermatozoa_testis,"['sperm', 'testicular', 'spermatozoa', 'testis', 'torsion', 'spermatogenesis', 'semen', 'fertilization', 'spermatogenic', 'male']","['We identified major differences in elemental concentrations between sperm and seminal plasma and that higher sperm copper, sulfur and calcium are quantitatively associated with poorer semen quality and increased frequencies of genomic sperm defects.', 'Sperm quality in patients with active AS and after receiving short- and long-term TNF-α blocker therapy is comparable to sperm quality in healthy controls. Our study confirms that the disease process of AS does not have a major impact on sperm quality and that treatment with anti-TNF has no negative impact on sperm quality even under long-term treatment.', 'The FA-1 sperm antigen appears to significantly free sperm cells coated with autoantibodies in the semen of most infertile men examined. Reducing sperm-bound antibodies that inhibited the AR allowed the sperm cells to undergo successful AR induction by calcium ionophore.']"
45,156,45_gh_ghrelin_secretion_insulin,"['gh', 'ghrelin', 'secretion', 'insulin', 'acromegaly', 'children', 'pituitary', 'igf', 'levels', 'ghd']","['Our findings demonstrate that after short-term fasting, the study of spontaneous GH secretion distinguishes between GH-deficient adults and normal subjects; this phenomenon occurs before significant changes in IGF-I and IGFBP-3 levels. These results suggest that the assessment of spontaneous GH secretion could be useful for the diagnosis of adult GH deficiency only after short-term fasting.', 'Growth hormone resistance and low IGF-I levels are associated with elevated ghrelin levels, which may potentiate GH secretion and adiposity in these children. Suppression of ghrelin during IGF-I treatment suggests a novel mechanism potentially regulating ghrelin levels.', 'We did not observe elevated ghrelin levels in adult GHD subjects and GH replacement therapy did not modify circulating ghrelin levels, despite significant decreases in body fat mass and percentage body fat. It is conceivable that the lack of ghrelin modifications after long-term GH therapy was due to the reduction of adiposity and insulin on one hand, and increased GH secretion on the other. However, it is still possible that systemic ghrelin is involved in the development of obesity, both in normal and GHD subjects.']"
46,149,46_rejection_allograft_donor_transplantation,"['rejection', 'allograft', 'donor', 'transplantation', 'graft', 'allografts', 'transplant', 'recipient', 'cells', 'acute']","['In the DBA/2-> C57B1/6 strain combination, cardiac allografts induce pro-inflammatory immunity and allograft rejection, while kidney allografts induce anti-inflammatory immunity and allograft acceptance despite the fact that both organs display the same strong MHC disparities and are implanted at the same location. Anti-inflammatory immunity and allograft acceptance are displayed by cardiac allograft recipients when they are transiently treated with select immunosuppressants. Thus, multiple immune response options are available to the organ allograft recipient, and the choice is determined, to some degree, by the allograft, itself.', 'This study identifies donor IL-6 genotype as a major genetic risk factor for the development of acute rejection after renal transplantation. This provides evidence that donor-derived cytokines play a major role in determining outcome after transplantation, and will contribute to the development of therapeutic algorithms to predict individuals at particularly high risk of acute rejection.', '(1) iNOS expression and increased NO production occurred during the early stages of acute rejection, persisted throughout the unmodified rejection process, and localized to infiltrating inflammatory cells, but not allograft parenchymal cells; (2) aminoguanidine ameliorated the histological and functional changes of acute rejection; and (3) increased NO production, detected by the presence of iNOS mRNA, protein, or noninvasively by measuring serum nitrite/nitrate levels, may serve as an early marker of acute allograft rejection.']"
47,146,47_nafld_insulin_coffee_diabetes,"['nafld', 'insulin', 'coffee', 'diabetes', 'igt', 'glucose', 'fat', 'resistance', 'type', 'diet']","['This study shows that the associations of increased ALT serum levels in NAFLD patients are different from what are supposed before. By excluding diabetic patients from our population, we find that increased ALT levels are not associated with dyslipidemias but are independently associated with insulin resistance and NAFLD grading on ultrasonographic evaluations. Further studies are needed to confirm our results.', 'In this metabolically healthy population, individuals with overweight and obesity exhibited an increased incidence of diabetes, regardless of the presence of NAFLD. This finding suggests that the obese phenotype per se, independent of the presence of NAFLD, can increase the development of diabetes.', 'Even without weight loss, MD reduces liver steatosis and improves insulin sensitivity in an insulin-resistant population with NAFLD, compared to current dietary advice. This diet should be further investigated in subjects with NAFLD.']"
48,145,48_seizure_epilepsy_seizures_eeg,"['seizure', 'epilepsy', 'seizures', 'eeg', 'epileptic', 'hfos', 'ictal', 'epileptogenic', 'onset', 'interictal']","['The data from this study are in line with clinical experience that the frequency of seizures in the early phase of epilepsy is a dominant risk factor that predicts refractoriness. However, resistance to treatment also occurred in rats that did not differ in seizure frequency from responders, indicating that disease severity alone is not sufficient to explain antiepileptic drug (AED) resistance. These data provide further evidence that epilepsy models are useful in the search for predictors and mechanisms of pharmacoresistance.', 'We demonstrated that distinct seizure-onset patterns correlate specific interictal and ictal HFO profiles confirming that seizures with different morphological patterns likely have different mechanisms of generation. This study emphazises that, in clinical practice, seizure-onset patterns should be distinguished and specified when analyzing HFOs, particularly if they are used in presurgical evaluation to better localize the seizure-onset zone.', 'Clinical factors such as seizure frequency and duration of epilepsy are not risk factors for postoperative seizure recurrence.']"
49,142,49_angiotensin_ii_no_endothelium,"['angiotensin', 'ii', 'no', 'endothelium', 'receptor', 'endothelial', 'et', 'ang', 'channels', 'dependent']","['Losartan-sensitive renal damage caused by chronic NOS inhibition does not involve increased renal Ang II concentrations. This suggests that the detrimental effects of endogenous Ang II are increased during chronic NOS inhibition. Thus, when NO levels are low, normal Ang II concentrations can cause renal injury and hypertension.', 'Treatment with angiotensin II attenuated increases in hydraulic permeability because of IR by 50%. Inhibition of cAMP synthesis did not change the effect of angiotensin II on IR mediated leak, and angiotensin II type 2 receptor inhibition completely blocked the effects of angiotensin II. These results indicate that angiotensin II decreases IR induced leak via the angiotensin II type 2 receptor in a cAMP independent manner. A better understanding of mediators that reduce intravascular fluid loss from IR-induced microvascular dysfunction may help clinicians treat uncontrolled fluid extravasation that occurs during shock and sepsis.', 'The consequences of aging for endothelium-dependent and endothelium-independent relaxations of rings from spontaneously hypertensive rats are ameliorated by losartan treatment, suggesting that angiotensin II plays a role via type 1 receptors. The effects of losartan on senescent spontaneously hypertensive rats were due not only to its blood-pressure-lowering action but also to the blockade of specific mechanisms derived from angiotensin II type 1 receptor antagonism, which might involve an increase in availability of NO.']"
50,142,50_sleep_insomnia_sleepiness_snoring,"['sleep', 'insomnia', 'sleepiness', 'snoring', 'duration', 'deprivation', 'rem', 'associated', 'quality', 'daytime']","['Poor sleep quality may be associated with osteoporosis. In particular, increased sleep disturbances may be a key factor in the association between poor sleep quality and osteoporosis.', 'Sleep duration, as measured with actigraphy, had a U-shaped relationship with BMI and obesity in an elderly population. A highly fragmented sleep is associated with a higher BMI and a higher risk of obesity, and may explain why short sleep is related to obesity. To preclude bias that can be introduced by self-report measures of sleep duration, using multiple measures of sleep parameters is recommended in future research.', 'In adults with primary insomnia, tiagabine significantly increased slow-wave sleep in a dose-dependent manner with a corresponding significant decrease in Stage 1 sleep, whereas no significant differences were observed in wake after sleep onset, latency to persistent sleep, or total sleep time compared with placebo.']"
51,141,51_infants_birth_breastfeeding_milk,"['infants', 'birth', 'breastfeeding', 'milk', 'maternal', 'offspring', 'weight', 'pregnancy', 'gestational', 'diabetes']","[""Offspring exposed to maternal gestational hypertension in utero have an increased risk of type 2 diabetes in late adult life. This finding underlines the role of the whole spectrum of hypertensive disorders of pregnancy as risk factors of offspring disease throughout life. It also reinforces previous suggestions that adult health care providers should incorporate birth histories when evaluating an individual's risk to develop type 2 diabetes."", 'Higher gestational weight gain in women with type 1 diabetes was associated with increasing offspring birth weight independent of glycemic control and prepregnancy BMI.', 'Milk intake in pregnancy was associated with higher birth weight for gestational age, lower risk of SGA, and higher risk of LGA.']"
52,141,52_gene_regulatory_genes_cis,"['gene', 'regulatory', 'genes', 'cis', 'rna', 'transcription', 'splicing', 'that', 'binding', 'our']","['Our genome context analysis suggests specific functional interactions for proteins involved in DNA replication between each other or with proteins involved in DNA repair or transcription. Furthermore, it suggests a previously unrecognized regulatory network coupling DNA replication and translation in Archaea that may also exist in Eukarya.', ""In the U1A-3'UTR complex, sequence-specific interactions are made entirely by the conserved heptanucleotide and the last base pair (C:G) of the stem. The structure is stabilized by protein-protein contacts and by electrostatic interactions between basic amino acids of the protein and the phosphate backbone of the RNA stem regions. The formation of a protein dimer necessary for the inhibition of poly(A) polymerase requires a conformational change of the C termini of the proteins upon RNA binding. This mechanism could prevent the inhibition of poly(A) polymerase by free U1A protein. The model is consistent with biochemical data, and the protein-protein interactions within the 3'UTR complex account for the cooperativity of U1A protein binding to the 3'UTR. The model also serves as an important structural guide for designing further experiments to understand the interaction between the U1A-3'UTR complex and poly(A) polymerase."", 'Our analysis suggests that the presence of a single type of Posterior Hox genes (PG9-like) is ancestral to bilaterians, and that new Posterior PGs would have arisen in deuterostomes through independent gene duplications. Four types of Central genes would also be ancestral to bilaterians, with two of them, PG6- and PG7-like that gave rise, in protostomes, to the UbdA- and ftz/Antp/Lox5-type genes, respectively. A fifth type of Central genes (PG8) would have emerged in the vertebrate lineage. Our results also suggest the presence of Anterior (PG1 and PG3), Central and Posterior Hox genes in the cnidarians, supporting an ancestral four-gene Hox cluster. In addition, our data support the relationship of the bilaterian ParaHox genes Gsx and Xlox with PG3, and Cdx with the Central genes. Our study therefore indicates three possible models for the origin of Hox and ParaHox in early metazoans, a two-gene (Anterior/PG3--Central/Posterior), a three-gene (Anterior/PG1, Anterior/PG3 and Central/Posterior), or a four-gene (Anterior/PG1--Anterior/PG3--Central--Posterior) ProtoHox cluster.']"
53,138,53_copd_cpap_emphysema_exercise,"['copd', 'cpap', 'emphysema', 'exercise', 'severe', 'patients', 'ams', 'pulmonary', 'lung', 'with']","['While circulating ADMA is higher, NO is lower in COPD and both show a strong correlation to the degree of airflow limitation. ADMA seems to be a possible new marker of prognosis of COPD and can be a novel therapeutic target for the treatment of COPD.', 'The progression of COPD is very heterogeneous. Most patients show no statistically significant decline of FEV(1) or increase in BODE. The multidimensional evaluation of COPD should offer insight into response to COPD management.', 'The best individualized CPAP can increase inspiratory capacity in patients with stable COPD, especially in those with emphysema.']"
54,135,54_folate_homocysteine_vitamin_b12,"['folate', 'homocysteine', 'vitamin', 'b12', 'folic', 'thcy', 'acid', 'hyperhomocysteinemia', 'plasma', 'methionine']","['Oral folic acid 5 mg twice per week may efficiently reduce serum homocysteine levels and increase serum folic acid levels in healthy children with increased homocysteine levels (>95(th) percentile for age). Hyperhomocysteinemia in childhood may be a predictive factor of cardiovascular disease. In addition, these results may offer more help to health practioners in order to establish more prospective studies to elucidate the relationship between homocysteine, folic acid and heart disease in children.', ""Subjects were already vitamin B-6 deficient at admission. Folate status was impaired during the study. Low vitamin intakes were the main cause of vitamin B-6 deficiency and folate status deterioration. Hematology and mental status capacity were not aggravated by folate status deterioration. Plasma tHcy didn't appear to be an earlier predictor of folate deficiency."", 'In this study of elderly subjects with vitamin B12 deficiency, supplementation with folate and vitamin B12 was associated with a significant improvement in CFR values.']"
55,129,55_reflux_gerd_esophageal_ph,"['reflux', 'gerd', 'esophageal', 'ph', 'acid', 'gastroesophageal', 'heartburn', 'oesophageal', 'gastric', 'ranitidine']","['The association between childhood obesity and GERD may have important implications for their future risk of GERD-associated diseases, such as esophageal adenocarcinoma.', ""Electrical stimulation of the LES is safe and effective for treating GERD. There is a significant and sustained improvement in GERD symptoms, esophageal pH, and reduction in PPI usage without any side effects with the therapy. Furthermore, the therapy can be optimized to address an individual patient's disease."", 'Fifty percent of patients with GERD without BE continue to exhibit pathologic GERD and low intragastric pH despite PPI therapy that achieves complete reflux symptom control.']"
56,127,56_alcohol_ethanol_drinking_alcoholism,"['alcohol', 'ethanol', 'drinking', 'alcoholism', 'cannabis', 'consumption', 'gaba', 'dependence', 'effects', 'use']","['These data suggest that mice selectively bred for low alcohol preference are more sensitive to the development of alcohol CTA than mice selectively bred for high alcohol preference. The present findings indicate that common genes mediate both alcohol preference and the aversive effects of alcohol as measured in the CTA paradigm.', 'These results suggest that consumption during early exposure to ethanol establishes a pattern leading to development of increased alcohol consumption and preference in adolescent male rats. In addition, they represent an animal model of the well-described observation that humans who consume large quantities of ethanol during early exposure are the most likely to repeat heave drinking behavior. Furthermore, early consumption is distinct from novelty seeking, anxiety, and stress hormone levels which are also thought to contribute to vulnerability to alcoholism.', 'Alcohol drinking behavior in experimental animals depends on the age of alcohol drinking onset.']"
57,127,57_sle_antibodies_anti_lupus,"['sle', 'antibodies', 'anti', 'lupus', 'dsdna', 'nephritis', 'autoantibodies', 'disease', 'ssc', 'activity']","['Serum sTRAIL concentrations are increased SLE patients. This seems to be disease specific and could indicate a role for TRAIL in SLE pathophysiology.', 'These findings indicate that anti-C1q antibodies are associated with SLE global activity but not specifically with active lupus nephritis.', 'Our results show that alcohol consumption before SLE diagnosis is not associated with the risk for SLE, and that individuals who develop SLE are more likely to quit.']"
58,127,58_glucose_estrogen_hypoglycemia_dl,"['glucose', 'estrogen', 'hypoglycemia', 'dl', 'mortality', 'hyperglycemia', 'women', 'postmenopausal', 'hrt', 'diabetes']","['A total of 2,165 of the 2,554 admitted patients during the study period were included (96.5%). Exclusion criteria were absence of plasma glucose determinations. In the bivariate analysis, first and mean glucose blood levels showed significant differences in mortality rates in absolute figures and also when data were classified stratified in three levels (< 60 mg/dl; 60-110 mg/dl or > 110 mg/dl) or in two (normal values 60 to 110 mg/dl and unusual figures < 60 mg/dl or > 110 mg/dl). These significant differences were lost when a logistic model was applied. From the remaining variables, renal function and NEMS showed to be mortality risks factors in this sample.', 'In cardiac surgical patients with a preinduction glucose above 110 mg/dL, even if diabetes was not previously suspected, perioperative insulin requirements were higher, and intraoperative insulin management is more difficult than in those with a preinduction glucose 110 mg/dL or lower. Preinduction glycemia and BMI are good predictors of perioperative insulin management. Preinduction glycemia above 110 mg/dL predicts difficult perioperative glucose control and, moreover, that a preinduction blood glucose of 110 mg/dL or lower is associated with less insulin need.', 'We found that hypoglycemia (glucose<71 mg/dL) and hyperglycemia (glucose>140 mg/dL) were associated with increased risk of complications, whereas greater complexity of the glucose time series was associated with mortality.']"
59,122,59_methylation_hypermethylation_promoter_epigenetic,"['methylation', 'hypermethylation', 'promoter', 'epigenetic', 'neuroblastoma', 'gene', 'cpg', 'suppressor', 'island', 'cancer']","['H3K4me3 equally protects from DNA methylation at both CpG-island and non-CpG island start sites in colon cancer. Moreover, the results suggest that CpG-rich genes repressed by loss of H3K4me3 and DNA methylation represent special instances of a more general epigenetic mechanism of gene silencing, one in which gene silencing is mediated by loss of H3K4me3 and methylation of non-CpG island promoter-associated cytosines.', 'The epigenetic changes observed in this study indicate that HCC tumors exhibit specific DNA methylation signatures with potential clinical applications in diagnosis and prognosis. In addition, methylation frequency could be used to monitor whether a patient with chronic hepatitis C is likely to progress to liver cirrhosis or even HCC. We can conclude that methylation processes are not just early events in hepatocarcinogenesis but accumulate with progression to cancer.', 'Hypermethylation of DNA in the promoter region is related to transcriptional silencing of hMLH1 gene. Histone H3-K9 methylation in different regions of the promoter studied correlates with DNA methylation status of hMLH1 gene in gastric cancer cells. Alteration of DNA methylation affects histone H3-K9 methylation. 5-Aza-dC can control hMLH1 expression, DNA methylation, and histone H3-K9 methylation in the promoter.']"
60,121,60_smoking_nicotine_smokers_tobacco,"['smoking', 'nicotine', 'smokers', 'tobacco', 'alcohol', 'abstinence', 'cigarette', 'cessation', 'quit', 'cues']","['Dopamine appears to play a role in mediating smoking behavior, but this may occur through a non-nicotine mechanism.', 'High cessation rates were obtained in a population of heavy smokers with moderate nicotine dependence. It was possible to obtain sustained abstinence in smokers in early motivational stages. These smokers would probably not have been reached by traditional smoking campaigns.', 'These results suggest that smoking topography may be useful to predict abstinence after using nicotine replacement therapy and to assess harm from smoking.']"
61,120,61_periodontal_periodontitis_gingivalis_gingival,"['periodontal', 'periodontitis', 'gingivalis', 'gingival', 'lps', 'disease', 'inflammatory', 'destruction', 'inflammation', 'levels']","['The present results indicate that sICAM-1 levels are correlated to the severity of periodontitis. NOD1 and NOD2 mediate P. gingivalis-induced ICAM-1 production in periodontal fibroblasts. NOD1 and NOD2 could be considered potential targets for periodontal therapy.', 'The results of this study confirm the association between periodontal inflammation and increased cardiovascular risk shown by impaired vascular health in case of severe periodontitis. As impaired vascular health is a common finding in patients suffering from severe periodontal disease a concomitant routine cardiovascular evaluation may be advised.', 'High levels of P.\xa0gingivalis-induced IgG2 were associated with low HDL concentrations in patients with periodontitis, which suggests that the response of the host to periodontal infection may play an important role in the pathogenesis of cardiovascular diseases.']"
62,120,62_platelet_platelets_heparin_γa,"['platelet', 'platelets', 'heparin', 'γa', 'thrombin', 'fibrin', 'activation', 'par4', 'aggregation', 'formation']","['As a result, we found no correlation between platelet aggregation responses obtained with optical method and platelet indices proposed as indicators of certain pathologic conditions, and it does not seem possible to use platelet indices as a direct indicator of platelet activation. In conditions where platelet functions should have been assessed, platelet indices alone are inappropriate and further evaluation is necessary with different methods.', 'These studies show that platelets possess a protein palmitoylation machinery that is required for both platelet activation and platelet accumulation into thrombi. These studies show that inhibition of platelet protein palmitoylation blocks platelet aggregation and granule secretion. In a murine model of thrombus formation, inhibition of protein palmitoylation markedly inhibits platelet accumulation into thrombi at sites of vascular injury.', 'Background Thrombin-induced platelet activation is important for arterial thrombosis. Thrombin activates human platelets predominantly via protease-activated receptor (PAR)1 and PAR4. PAR1 has higher affinity for thrombin, and the first PAR1 antagonist, vorapaxar, was recently approved for use as an antiplatelet agent. However, vorapaxar is contraindicated in a significant number of patients, owing to adverse bleeding events. Consequently, there is renewed interest in the role of platelet PAR4 in the setting of thrombus formation. Objectives To determine the specific antiplatelet effects of inhibiting PAR4 function during thrombus formation in human whole blood. Methods and Results We developed a rabbit polyclonal antibody against the thrombin cleavage site of PAR4, and showed it to be a highly specific inhibitor of PAR4-mediated platelet function. This function-blocking anti-PAR4 antibody was used to probe for PAR4-dependent platelet functions in human isolated platelets in the absence and presence of concomitant PAR1 inhibition. The anti-PAR4 antibody alone was sufficient to abolish the sustained elevation of cytosolic calcium level and consequent phosphatidylserine exposure induced by thrombin, but did not significantly inhibit integrin αII b β3 activation, α-granule secretion, or aggregation. In accord with these in vitro experiments on isolated platelets, selective inhibition of PAR4, but not of PAR1, impaired thrombin activity (fluorescence resonance energy transfer-based thrombin sensor) and fibrin formation (anti-fibrin antibody) in an ex vivo whole blood flow thrombosis assay. Conclusions These findings demonstrate that PAR4 is required for platelet procoagulant function during thrombus formation in human blood, and suggest PAR4 inhibition as a potential target for the prevention of arterial thrombosis.']"
63,117,63_burn_burns_injury_resuscitation,"['burn', 'burns', 'injury', 'resuscitation', 'shock', 'fluid', 'burned', 'the', 'care', 'wound']","['Escharectomy during burn shock stage contribute to decreasing the hypermetabolic response to burn injury.', 'Effective oral fluid therapy in severe burn rabbits during 24 hours after burn can ameliorate myocardial mechanics parameters. The amount of fluid resuscitation can be estimated according to relevant formula for delayed fluid resuscitation in burn rabbits.', 'Even though demographic variables, injury characteristics and burn care interventions were similar across genders, following burn injury female patients reported greater impairments in generic and burn-specific HRQoL along with psychological morbidity, when compared to male patients. Urgent clinical and research attention utilising an evidence-based research framework, which incorporates the use of larger sample sizes, the use of validated instruments to measure appropriate outcomes, and a commitment to monitoring long-term care, can only improve burn-care.']"
64,117,64_transplantation_donor_graft_transplant,"['transplantation', 'donor', 'graft', 'transplant', 'renal', 'rejection', 'kidney', 'donors', 'recipients', 'lung']","['Calculated donor CrCl and donor vascular pathology predict recipient graft function and may be helpful in selecting high-risk donors for single kidney transplantation.', 'Older living donor kidneys can be transplanted with low perioperative risk without compromising recipient 5-year patient or graft survival or donor renal function. Younger donor kidneys have superior graft function 5 years after transplantation, highlighting the need for appropriate donor/recipient matching.', 'Early graft function in the first 3 months showed a significant impact on long-term graft survival after deceased donor renal transplantation.']"
65,113,65_vitamin_25_deficiency_oh,"['vitamin', '25', 'deficiency', 'oh', 'status', 'bmi', 'women', 'supplementation', 'levels', 'men']","['Vitamin D insufficiency was common even when vitamin D intake exceeded the recommended daily intake. Vitamin D status was a key determinant of BMD. The findings suggest urgent need to increase vitamin D intake to optimize bone health in children.', 'To our knowledge,this is the first study of vitamin D status in CTCL patients. Vitamin D deficiency was present in CTCL and other cancer patients compared with normal and historical controls. Correction of vitamin D deficiency and type of vitamin D supplementation used did not affect the overall clinical disease response.', 'Vitamin D deficiency improves with oral vitamin D supplementation and levels fall without supplementation. Chronic liver disease patients are at very high risk of vitamin D deficiency regardless of etiology or severity.']"
66,112,66_malaria_parasite_falciparum_vivax,"['malaria', 'parasite', 'falciparum', 'vivax', 'infection', 'leishmania', 'plasmodium', 'mosquitoes', 'gambiae', 'transmission']","['Synchronous malaria epidemics call for the integration of knowledge on the forcing of malaria transmission by environmental variability to develop robust malaria control and elimination programs.', 'The usage of a combination of malaria control tools in an integrated fashion by residents of Mwea division might have influenced the decreased malaria cases in the district hospital and in the school children. A vigorous campaign emphasizing IMM should be adopted and expanded in Mwea division and in other areas with different eco-epidemiological patterns of malaria transmission. With sustained implementation and support from community members integrated malaria management can reduce malaria significantly in affected communities in Africa.', 'High-titer antibodies to EBA-175 are associated with protection from clinical malaria in children in a malaria holoendemic area of Kenya. Accurate estimates of antibody-associated protection from clinical malaria require adjustment for malaria exposure.']"
67,112,67_atherosclerosis_atherosclerotic_plaque_atherogenesis,"['atherosclerosis', 'atherosclerotic', 'plaque', 'atherogenesis', 'monocyte', 'endothelial', 'mice', 'macrophage', 'mcp', 'deficiency']","['Our results on OxLDL-mediated platelet-monocyte aggregate formation, which promoted phenotypic changes in monocytes, monocyte extravasation and enhanced foam cell formation in vitro and in vivo, provide a novel mechanism for how platelets potentiate key steps of atherosclerotic plaque development and plaque destabilization.', 'Our results demonstrate that MKP-1 deficiency significantly decreases atherosclerotic lesion development in mice, in part, by affecting MCP-1 levels in the circulation and MCP-1 production by macrophages. MKP-1 may serve as a potential therapeutic target for the treatment of atherosclerotic disease.', 'Endothelial-targeted Nox2 overexpression in ApoE(-/-) mice is sufficient to increase vascular superoxide production and increase macrophage recruitment possible via activation of endothelial cells. However, this initial increase in macrophage recruitment did not alter the progression of atherosclerosis. These results indicate that Nox-mediated reactive oxygen species signalling has important cell-specific and distinct temporal roles in the initiation and progression of atherosclerosis.']"
68,108,68_colonoscopy_colorectal_polyps_adenomas,"['colonoscopy', 'colorectal', 'polyps', 'adenomas', 'screening', 'colon', 'adenoma', 'polyp', 'endoscopic', 'bowel']","['A quarter of polyps were missed during colonoscopy. Physicians should be aware that the risk of missing a polyp is related to patient factors (presence of > 2 polyps) and polyp factors (left colon location).', 'HD+ colonoscopy with I-Scan is superior to standard video colonoscopy in detecting patients with colorectal neoplasia based on this prospective, randomized, controlled trial.', 'Incidence rates of colorectal cancer are low in the follow-up of patients having undergone a total colonoscopy in everyday practice. After standard therapy of colorectal adenomas at colonoscopy, there is little evidence for excess colorectal cancer incidence in this subgroup.']"
69,108,69_falls_fall_older_risk,"['falls', 'fall', 'older', 'risk', 'adults', 'falling', 'mobility', 'physical', 'people', 'prevention']","['Falls and injurious falls without fracture are frequent events for healthy elderly people and may be associated with morbid changes in cognitive status, physical health, and mobility.', 'The results indicated that moderate or vigorous physical activity could enhance falls self-efficacy. Moreover, past falling experiences were negatively associated with falls self-efficacy, whereas perceived health status and chronic pain had a significant impact. Future fall prevention programs should adopt a multifactorial approach that focuses on enhancing falls self-efficacy.', 'The high rate of injurious falls seen here and the detailed information on activity at the time of the fall emphasize the need to increase awareness of behaviors and the environment to reduce fall risk. Previous studies have identified risk factors for falls, some of which cannot be modified, such as age or gender. In contrast, this study describes the activity at the time of the fall: many falls occur in the home environment, some with modifiable circumstances.']"
70,107,70_motor_cortical_visual_excitability,"['motor', 'cortical', 'visual', 'excitability', 'corticospinal', 'vestibular', 'movements', 'eye', 'tdcs', 'sensorimotor']","['Vergence errors of up to +/-2 degrees, without diplopia, were common in subjects with normal binocular single vision. Errors of 5 degrees were rare but present. In all, the largest number of errors occurred as a failure of divergence for far fixations, consistent with previous studies that have suggested differences in the neural control of pathways for convergence and divergence, or possibly caused by differences in the anatomical properties of the medial and lateral rectus muscles and their associated fascia. The absence of diplopia during the period of fixation could only be partly associated with the visual suppression associated with vergence eye movements that has been reported by others because it was still present after the vergence movement was completed. The natural viewing conditions in this study that included a full visual field and multiple disparities may have contributed to this effect.', 'Our results show that steadiness and visuomotor integration of fine motor skills are altered in our adult sample but not precision and speed of movements. This alteration pattern might be the clinical vignette of complex adaptations in the excitability of the motor system on the basis of altered cortical and subcortical components. The structurally and functionally altered neuronal components could encompass orbitofrontal, ventrolateral prefrontal and parietal cortices, the anterior cingulate, amygdala, primary motor and sensorimotor areas including altered corticospinal projections, the corpus callosum and the basal ganglia.', 'During implicit motor learning, the cerebellum appears to participate in the formation of predictive strategies for the timing of motor responses, rather than for the accuracy of motor execution. Because deficits were found in the contralesional upper extremity, the authors suggest that this function is not lateralized to 1 hemisphere; cerebellar output may affect the formation of an internal model for timing movements in both upper extremities.']"
71,103,71_production_enzymes_the_biosynthetic,"['production', 'enzymes', 'the', 'biosynthetic', 'strain', 'acid', 'bacteria', 'from', 'carotenoid', 'cellulose']","['We showed that P. pastoris has a great potential as a fermentative organism for producing L-lactic acid using glycerol as the carbon source at limited oxygenation conditions (below 0.05\xa0% DO in the bioreactor). The best strain had both the LDHb and the homologous lactate transporter encoding genes expressed, and reached a titer 1.5 times higher than the strain with the S. cerevisiae transporter. Finally, it was also shown that increased lactic acid production was concomitant to reduction of acetic acid formation by half.', 'The fungus U. maydis is a promising producer of itaconic acid, since it grows as single cells (yeast-like) in submerged cultivations and it is extremely robust in high osmotic media and real seawater. Moreover, U. maydis can grow on the hemicellulosic fraction of pretreated beech wood. Thereby, this fungus combines important advantages of yeasts and filamentous fungi. Nevertheless, the biomass pretreatment does indeed affect the subsequent itaconic acid production. Although U. maydis is insusceptible to most possible impurities from pretreatment, high amounts of salts or residues of organic acids can slow microbial growth and decrease the production. Consequently, the pretreatment step needs to fit the prerequisites defined by the actual microorganisms applied for fermentation.', 'Comparative genomics analyses of microbial carotenoid biosynthetic proteins indicate a much greater taxonomic diversity then that identified based on structural and biosynthetic data, and divides microbial carotenoid biosynthesis into several, well-supported phylogenetic lineages not evident previously. This phylogenetic framework is applicable to understanding the evolution of specific carotenoid biosynthetic proteins or the unique characteristics of carotenoid biosynthetic evolution in a specific phylogenetic lineage. Together, these analyses suggest a ""bramble"" model for microbial carotenoid biosynthesis whereby later biosynthetic steps exhibit greater evolutionary plasticity and reticulation compared to those closer to the biosynthetic ""root"". Structural diversification may be constrained (""trimmed"") where selection is strong, but less so where selection is weaker. These analyses also highlight likely productive avenues for future research and bioprospecting by identifying both gaps in current knowledge and taxa which may particularly facilitate carotenoid diversification.']"
72,100,72_adiponectin_leptin_insulin_chemerin,"['adiponectin', 'leptin', 'insulin', 'chemerin', 'obesity', 'resistance', 'levels', 'bilirubin', 'obese', 'fat']","['Adiponectin decreases with increasing adiposity and insulin resistance. Adiponectin and TNF-α appear to be related to differences in the insulin mediated glucose turnover.', 'Our results show that adiponectin level and markers of low-grade inflammation are related to insulin sensitivity. Adiponectin and IL-1 Ra levels might be better markers of the risk of obesity and type 2 diabetes than hs-CRP.', 'Among patients with CVD risk, total and HMW adiponectin is lower in Latinos, independent of adiposity and other known regulators of adiponectin. Ethnic differences in adiponectin regulation may exist and future research in this area is warranted. Adiponectin levels accounted for the observed variability in insulin resistance, suggesting a contribution of decreased adiponectin to insulin resistance in Latino populations.']"
73,99,73_cmv_vaccine_infection_virus,"['cmv', 'vaccine', 'infection', 'virus', 'liver', 'fibrosis', 'vlp', 'h5n1', 'encephalitis', 'vaccines']","['These data underpin the confidence that the Vero cell culture-derived, whole-virus H5N1 vaccine will be effective in a pandemic situation and support the use of neutralizing serum antibody titers as a correlate of protection for H5N1 vaccines.', 'The COBRA clade 2 HA H5N1 VLP elicits broad humoral immunity against multiple H5N1 isolates from different clades. In addition, the COBRA VLP vaccine is more effective than a homologous vaccine against a highly pathogenic avian influenza virus challenge.', 'CMV nephropathy is much more common than previously reported when sensitive techniques are used for detection in tissue. Acute rejection and CMV viraemia occur commonly together in patients at risk for CMV. Quantitative buffy coat CMV-PCR does not correlate with the presence of CMV inclusions. These findings have implications for management of patients who have elevated serum creatinine and are at risk for CMV disease.']"
74,99,74_curcumin_hair_ototoxicity_ifn,"['curcumin', 'hair', 'ototoxicity', 'ifn', 'foregut', 'cells', 'cisplatin', 'induced', 'apoptosis', 'cd98hc']","['Curcumin has the potential to provide protection from CPB-induced lung damage reflected in the expression of oxidative stress markers. The antioxidant effect of curcumin may be partly related to upregulation of HO-1.', 'Curcumin affects β-catenin pathway in HSCs and might suggest a possible new explanation for the effects of curcumin on HSC activation and liver fibrosis.', 'These results show that mucosal CD4(+) T cells and B cells increase in animals treated with curcumin, suggesting that curcumin modulates lymphocyte-mediated immune functions.']"
75,99,75_glp_fructose_glucagon_glucose,"['glp', 'fructose', 'glucagon', 'glucose', 'insulin', 'beta', 'secretion', 'liver', 'hepatic', 'gip']","['These data describe cardioprotective actions of GLP-1(7-36) mediated through the known GLP-1R and novel cardiac and vascular actions of GLP-1(7-36) and its metabolite GLP-1(9-36) independent of the known GLP-1R. Our data suggest that the extent to which GLP-1 is metabolized to GLP-1(9-36) may have functional implications in the cardiovascular system.', 'These data suggest that the arcuate GLP-1 receptors are a key component of the GLP-1 system for improving glucose homeostasis by regulating both insulin secretion and glucose production.', 'Our results suggest that GLP-2 stimulates glucagon secretion through GLP-2r present on the alpha cell in rats. In the presence of GLP-2, the glucagonostatic effect of GLP-1, normally co-secreted with GLP-2, is markedly inhibited. Based on our analogous immunohistochemical findings in human pancreas, this mechanism also applies in all likelihood to humans. However, further in vivo studies are required to assess the physiological significance of the glucagonotropic action of GLP-2 in humans.']"
76,98,76_vancomycin_postoperative_chest_ssi,"['vancomycin', 'postoperative', 'chest', 'ssi', 'lobectomy', 'complications', 'tube', 'antibiotics', 'tka', 'infection']","['In a long-term follow-up, a different clinical outcome and HRQoL were not obtained after a successfully treated superficial infection following a TKA when compared to a TKA without complications. Based on the findings of the study, additional complications are not anticipated after a successfully treated superficial wound infection in TKA. Therefore, a different follow-up to that of a non-complicated TKA is not recommended when the early post-operative superficial wound infection has been appropriately treated. A superficial infection successfully treated in the acute post-operative period should be considered solved at long-term follow-up.', 'The local application of vancomycin was associated with a significant reduction in the risk of SSI in multilevel posterior cervical-instrumented fusions for CSM. This study supports the growing body of evidence that vancomycin powder placed in the wound can reduce the incidence of postoperative wound infections, and is the first that addresses this specific population.', 'From our findings, SSI rate did not decrease with longer duration of antimicrobial prophylaxis. We concluded that we must recognize that the cause of postoperative wound infection is multimodal, and should not rely on antibiotics to prevent postoperative SSI but that surgeons should reduce the risk for postoperative SSI.']"
77,97,77_cyp3a4_cyp2c19_cyp2d6_cyp1a2,"['cyp3a4', 'cyp2c19', 'cyp2d6', 'cyp1a2', 'cyp2c9', 'itraconazole', 'cyp3a5', 'pharmacokinetics', 'grapefruit', 'drug']","['The present study demonstrates a significant contribution of the polymorphic CYP2C19 to the N-demethylation of doxepin. CYP2C9 and CYP1A2 play a minor role and CYP3A4 does not contribute substantially.', 'Genetic polymorphisms of CYP3A5*3 and CYP3A4*18B may be partly responsible in large interindividual variability of cyclosporine and tacrolimus blood levels in Chinese renal transplant patients during the first month after transplantation. A patient carried combined genotype of CYP3A4*1/*1-CYP3A5* 3/*3 might require lower tacrolimus doses to achieve target concentration levels. Genotyping of CYP3A4*18B and CYP3A5*3 before transplantation is of benefit in determining a suitable initial dose for each patient.', 'Alterations in the activity of CYP3A4, CYP2C9 and FMO3 through genetic polymorphisms, enzyme induction or inhibition bear the potential to cause clinically significant changes in perazine clearance. PER may alter the clearance of coadministered compounds metabolized by CYP2D6, CYP2C19, CYP2C9, CYP3A4 and CYP1A2.']"
78,94,78_carotid_cea_icu_mortality,"['carotid', 'cea', 'icu', 'mortality', 'score', 'patients', 'sofa', 'pulmonary', 'ci', 'pneumonia']","['In this preliminary experience, transcervical carotid angioplasty and stenting with flow reversal for cerebral protection was as safe at short term as carotid endarterectomy in octogenarian patients, who additionally had considerable comorbidity; thus, it may be possible to extend the indications for carotid revascularization in this population. Studies in larger patient series are required to confirm the trends observed in this study.', 'In this series of 390 carotid operations, the procedure-related stroke/death rate was 0.8%. There were no differences between the stroke-death rates after primary carotid endarterectomy and operation for recurrent carotid stenosis. Operation for recurrent carotid stenosis is as safe and effective as primary carotid endarterectomy and should continue to be standard treatment.', 'Patients undergoing CEA with occlusion of the contralateral carotid artery do not have unique preoperative demographic features or indications. Contralateral carotid artery occlusion does not increase risk or alter long-term outcomes after CEA. Carotid revascularization can be safely performed in tertiary military centers.']"
79,92,79_treg_cells_th17_ivig,"['treg', 'cells', 'th17', 'ivig', 'il', 'cell', 'foxp3', 'antibodies', 'production', 'tregs']","['These data suggest that IL-17 may inhibit the induction of tolerance to antigen through, at least in part augmenting IL-6 production, thereby suppressing the expansion of Treg cells.', 'Thus we report the novel finding that distinct but closely related DC subsets are differentially programmed by VitD3 to support development of either TGF-β-dependent Foxp3(+) Treg cells or IL-10-dependent IL-10(+) Treg cells.', 'We observed dysregulated production of IL-10 and IL-17 by Treg cells from B27-transgenic rats, which may contribute to disease development. Moreover, our data highlight a key role for ICOS signaling in the generation of imbalanced production of IL-10 and IL-17 by Treg cells in this experimental model of spondyloarthritis.']"
80,92,80_pcos_women_insulin_hyperandrogenism,"['pcos', 'women', 'insulin', 'hyperandrogenism', 'nitrofen', 'metformin', 'androgen', 'metabolic', 'levels', 'with']","['PCOS per se is not associated with decreased levels of plasma adiponectin. However, circulating adiponectin is independently associated with the degree of insulin resistance in PCOS women and may contribute to the development and/or maintenance of insulin resistance independent from adiposity.', 'Women with PCOS do not demonstrate finger length patterns that are consistent with increased prenatal androgen exposure. These findings do not preclude a role for prenatal androgens in the development of PCOS; however, low 2D:4D are not a characteristic of PCOS.', 'Hyperandrogenism partly resolves before menopause in women with PCOS. This change may explain the tendency of women with PCOS to cycle regularly as they grow older. Testosterone levels remain elevated in older women with PCOS, however, and may contribute to their increased risk for cardiovascular disease, endometrial cancer, and other diseases.']"
81,92,81_stem_epcs_transplantation_heart,"['stem', 'epcs', 'transplantation', 'heart', 'csf', 'cell', 'cardiac', 'myocardium', 'myocardial', 'cells']","['In addition to increasing stem cell mobilization and homing to ischemic myocardium, G-CSF treatment after myocardial ischemia improves survival by accelerating neovascularization and reducing apoptosis.', 'Human cardiac ECM seems to direct differentiation of pluripotent stem cells towards a cardiomyocyte phenotype. This phenomenon supports the use of cardiac ECM preparations for guided stem cell differentiation and myocardial repair, and may ultimately increase the therapeutic efficacy of cell therapy in heart failure patients.', 'Despite reduced EPCs compared with healthy controls, patients with CAD respond to G-CSF with increases in EPC number and homing receptor expression in the circulation and endothelial out-growth in culture. Endothelial progenitor cells (EPCs) are reduced in coronary artery disease. Granulocyte colony-stimulating factor (CSF) administered to patients increased: (1) CD133+/VEGFR-2+ cells consistent with EPC phenotype; (2) CD133+ cells coexpressing the chemokine receptor CXCR4, important for homing of EPCs to ischemic tissue; and (3) endothelial cell-forming clusters in culture. Whether EPCs mobilized into the circulation will be useful for the purpose of initiating vascular growth and myocyte repair in coronary artery disease patients must be tested in clinical trials.']"
82,92,82_hpv_cervical_women_screening,"['hpv', 'cervical', 'women', 'screening', 'cin', 'hrhpv', 'testing', 'infection', 'smears', 'vaccine']","['Our results show a strong relationship between HPV infection and cervical cancer among Pakistani women. These results underscore the need to implement regular HPV screening for Pakistani women. An early diagnosis of HPV infection will allow better health management to reduce the risk of developing cervical cancer.', 'HPV DNA testing by home obtained samples is useful as a screening tool for cervical cancer, whereas cervical cytology by self sampling is not. Although the sensitivity for high grade CIN by high risk HPV testing in the lavage by the patient is not significantly lower than that in the cervical smear, self sampling for HPV DNA is a feasible alternative method in women who decline to participate in population based cervical cancer screening programmes. However, participation in the screening programme remains the best option.', 'Multiple HR-HPV infections were most prevalent in young women. Multiple HR-HPV infections were not more frequent in high grade than in low grade cervical neoplasia, reflecting common sexual transmission of multiple HR-HPV. Prospective cohort studies linking sequential loss or gain of HPV types with cytological analysis are required to assess the impact of multiple HR-HPV infections on neoplastic progression.']"
83,88,83_storage_platelet_transfusion_pcs,"['storage', 'platelet', 'transfusion', 'pcs', 'rbcs', 'stored', 'concentrates', 'pc', 'plt', 'blood']","['Our results indicate that replacing plasma in PC with unmodified PASIII for storage results in higher levels of platelet-derived cytokines in PC. Furthermore, it appears that the nature of the medium used for storage of PC has a significant impact on platelet activation and cytokine levels of the PC. These implications should be taken into account when considering replacement of plasma with PAS.', 'In-line filtration during component preparation appears as an easy and effective procedure for obtaining prestorage leukocyte-depleted PCs. During subsequent blood bank storage, these WBC-reduced PCs display, in comparison with standard PCs, normal in vitro platelet properties, decreased accumulation of cytokines IL-6 and IL-8, and increased complement activation.', 'These data indicate that gamma irradiation can not prevent generation of IL-8 in platelet concentrates during storage, but prestorage leukoreduction of platelet concentrates can prevent accumulation of IL-6, IL-8, and TNF-alpha during storage.']"
84,87,84_trauma_injuries_injured_mri,"['trauma', 'injuries', 'injured', 'mri', 'imaging', 'injury', 'ct', 'centers', 'patient', 'head']","['Injured youth admitted to a pediatric trauma center are a high-risk population. Alcohol misuse is a significant cofactor for trauma for these patients, and effective developmentally appropriate interventions are justified and needed.', 'The significant independent predictors of survival in severely injured trauma patients are Ps, GCS score, age, mechanism of injury, and institutional volume. We found no statistically meaningful contribution to the prediction of survival on the basis of per-surgeon patient volume. Since this volume criterion for surgeon enpanelment and trauma center designation would not be expected to improve outcome, such a requirement should be justified by other measures or abandoned.', 'SOP incorporation in a trauma pathway shortens the total stay in the emergency room, resuscitation time and the time to achieve definitive diagnosis in multiple trauma patients. Thus, it can be concluded that organization and timing of trauma treatment steps help in improving the quality of trauma treatment process.']"
85,85,85_students_student_skills_learning,"['students', 'student', 'skills', 'learning', 'peer', 'medical', 'writing', 'curriculum', 'teaching', 'professionalism']","['Students achieve many aspects of workplace learning in clerkships through formal or informal workplace-based peer groups. In these groups, peers provide accessible, real-time, and relevant resources to help each other navigate transitions, clarify roles and tasks, manage interpersonal challenges, and decrease isolation. Medical schools can support effective workplace learning for medical students by incorporating continuity with peers in the main clinical clerkship year.', 'Completion of a self-guided basic surgical skills curriculum allows novice learners to significantly improve performance in basic open surgical skills, without traditional expert teaching. This curriculum is useful for medical students and incoming junior residents.', ""Students' self-assessed level of clinical skills was lower than that expected by their teachers. Education during clinical rotations is not focused on acquiring clinical skills, and additional clinical skills' training has a positive influence on students' self-assessed level of clinical skills. There was no consensus among teachers on the required level of students' clinical skills.""]"
86,75,86_sildenafil_erectile_dysfunction_citrate,"['sildenafil', 'erectile', 'dysfunction', 'citrate', 'erection', 'function', 'stiffness', 'cavernosum', 'men', 'with']","['Diabetics with erectile dysfunction often have a CFR in the lower range of normal. Sildenafil did not further reduce CFR. Asymptomatic, severe coronary artery disease often can be found in diabetics with erectile dysfunction. Cardiological screening for contraindications for sildenafil seems mandatory in diabetics with a high cardiovascular risk profile.', 'Both FK506 and sildenafil protect erectile function after CN injury by decreasing oxidative stress-associated tissue damage. FK506 may act through increased GPX activity. Further research is required to elucidate mechanisms associated with the beneficial effect of sildenafil.', 'Sildenafil is unlikely to directly produce inotropic effects on cardiac muscle in patients being treated for erectile dysfunction.']"
87,75,87_pet_fdg_ct_18,"['pet', 'fdg', 'ct', '18', 'staging', 'nodes', 'scan', '18f', 'lymph', 'meningioma']","['Noninvasive (18)F-FDG PET-derived parameters represent histologic and gene expression markers of early lung injury. Pulmonary metabolism assessed with (18)F-FDG PET depends on the mechanism of injury and appears to be additive for endotoxemia and surfactant depletion. (18)F-FDG PET may be a valuable imaging biomarker of early lung injury.', 'FDG-PET/CT demonstrated limited areas of abnormality allowing accurate delineation, and is thus useful to narrow the surgical fields. Since overall diagnostic accuracy of FDG-PET/CT was superior to that of MRI, FDG-PET/CT is a useful technique to narrow the surgical field for successful less invasive surgery.', 'In HNSCC patients with risk factors, pretreatment screening for distant metastases by chest CT is improved by (18)F-FDG PET. The combination of (18)F-FDG PET with CT is the most effective, without leading to additional costs.']"
88,73,88_migraine_headache_migraineurs_aura,"['migraine', 'headache', 'migraineurs', 'aura', 'headaches', 'cortical', 'pain', 'excitability', 'chronic', 'visual']","['This study identified allodynia, in addition to high migraine attack frequency, as a new migraine-specific factor associated with depression.', 'The lifetime prevalence of migraine with aura, but not migraine without aura, is increased in patients with MFS. This association is driven by a history of AR. The replacement procedure itself is unlikely to be causally associated with migraine as in nearly all subjects, migraine started before the procedure. However this study adds to the evidence that underlying vessel wall pathology may be involved in migraine with aura.', 'Bipolar patients had a high prevalence of migraine headache relative to patients with MDD. This study suggests that migraine is linked to bipolarity.']"
89,73,89_weight_circumference_waist_bmi,"['weight', 'circumference', 'waist', 'bmi', 'wc', 'loss', 'obesity', 'regain', 'adiposity', 'rygb']","['Waist circumference, a measure of central obesity, is a better predictor of short-term complications than body mass index and can be used to identify patients who may benefit from more aggressive infection control and prevention.', 'Waist circumference correlates better with body mass index than waist-to-hip ratio. The prevalence of abdominal obesity using waist circumference is higher than that with waist-to-hip ratio. This is especially so in Asian Indians as the new recommendations of both body mass index and waist circumference cut-offs to detect subjects at medical risk are lower in them than in Caucasians.', 'Waist circumference is a better anthropometric indicator than BMI Z-score of cardiovascular risk in Australian primary school-aged children. Even in young children, measurement of waist circumference represents a simple, non-invasive screening tool to identify children with an increased cardiovascular risk profile.']"
90,72,90_cocaine_heroin_gambling_seeking,"['cocaine', 'heroin', 'gambling', 'seeking', 'meth', 'drug', 'relapse', 'crf', 'behavior', 'reward']","['The results suggest that cholinergic transmission in the LDT may play a critical role in heroin-seeking behavior induced by cues and that galantamine may have the beneficial effect of blocking heroin-seeking behavior, which is mediated through its actions on the muscarinic receptors.', 'SSM reduces cocaine intake, blocks cocaine seeking and normalizes expression of genes known to regulate cocaine seeking. These findings suggest that SSM could be an effective pharmacological agent to assist cocaine detoxification and prevention of relapse to cocaine abuse in individuals not co-dependent on opioid.', 'These findings suggests that the BLA is a critical component of the neural circuitry that mediates conditioned and heroin-induced reinstatement of heroin-seeking behavior. Furthermore, different neural substrates may mediate drug-primed relapse to cocaine versus heroin-seeking behavior.']"
91,71,91_pth_allopurinol_atherosclerosis_calcium,"['pth', 'allopurinol', 'atherosclerosis', 'calcium', 'parathyroid', 'renal', 'excretion', 'endothelial', 'cinacalcet', 'hyperparathyroidism']","['PTHrP significantly enhanced the low-Ca++-stimulated PTH secretion in vivo and in vitro. An autocrine/paracrine role of PTHrP in the parathyroid glands is suggested. An autoregulatory effect of circulating PTH on the PTH secretion from parathyroid glands seems unlikely. The ""maximal secretory capacity"" of the parathyroid glands induced by hypocalcemia in vivo and in vitro is not the maximum, as PTH secretion can be increased even further, by several-fold.', 'In summary, data in the present paper demonstrate that the (i) human parathyroid gland/parathyroid cells exhibit Tf receptors; (ii) Al-Tf complex is taken up by the parathyroid gland in a dose-dependent manner; and (iii) uptake of Al by Tf receptor-mediated endocytosis reduces the secretion of PTH but not its synthesis. These in vitro findings allow us to suggest that Tf receptor-mediated uptake of Al might, besides other factors such as vitamin D, high calcium dialysate or CaCO(3) intake, play a role in the development of hypoparathyroidism associated with ABD. The exact mechanism by which Al-Tf suppresses iPTH secretion remains to be elucidated.', 'For the first time, we have shown that a steep dose-response relationship exists between allopurinol and its effect on endothelial function. We also showed that the mechanism of improvement in endothelial function with allopurinol lies in its ability to reduce vascular oxidative stress and not in urate reduction. The reduction in vascular oxidative stress was profound because high-dose allopurinol totally abolished the oxidative stress that was sensitive to the high-dose vitamin C that was used in this study.']"
92,70,92_hdl_carnitine_cholesterol_ldl,"['hdl', 'carnitine', 'cholesterol', 'ldl', 'insulin', 'lipid', 'diabetes', 'levels', 'caad', 'heart']","['Higher HDL cholesterol levels may be protective against the development of albuminuria in patients with type 1 diabetes. Whether this is due to the HDL cholesterol levels or whether they serve as a marker for some other mechanism remains to be determined.', 'This study is the first to contrast the associations of HDL-2 and HDL-3 with CAAD. We found that HDL-3 levels were more predictive of CAAD status than HDL-2, HDL-C, or apolipoprotein A1. In addition, for men, paraoxonase 1 activity improved the overall model prediction for CAAD independently and additively with HDL-3 levels. Further investigation into the molecular mechanisms through which HDL-3 is associated with protection from CAAD is warranted.', ""The cholesterol efflux capacity of HDL is impaired in RA patients with high disease activity and is correlated with systemic inflammation and HDL's antioxidant capacity. Attenuation of HDL function, independent of HDL cholesterol levels, may suggest a mechanism by which active RA contributes to increased cardiovascular (CV) risk.""]"
93,70,93_transfusion_heparin_surgery_graft,"['transfusion', 'heparin', 'surgery', 'graft', 'postoperative', 'blood', 'bleeding', 'coagulation', 'bypass', 'ita']","['Aspirin does not increase bleeding or increase the need for allogeneic blood transfusion in coronary artery surgery.', 'Red blood cell transfusion is associated with increased troponin I release after elective off-pump coronary artery bypass graft surgery independently of hemoglobin and hematocrit nadirs. These findings suggest that prevention of major bleeding requiring blood transfusion may be cardioprotective during coronary surgery. Further studies are needed to verify whether troponin release is affected simply by RBC transfusion or by unstable hemodynamic conditions in presence of mild and severe anemia.', 'Enoxaparin administration more than 8 hours before coronary artery bypass surgery is not associated with increased postoperative bleeding or blood product transfusion.']"
94,68,94_fatigue_ms_life_quality,"['fatigue', 'ms', 'life', 'quality', 'depression', 'hrqol', 'qol', 'physical', 'cognitive', 'anxiety']","[""Inpatient rehabilitation decreased MS patients' fatigue. Change in fatigue was predicted with certain domains of QoL at baseline."", ""Fatigue is strongly associated with poor HRQOL, disability and depression similarly in CD and UC even when controlling for disease activity. Fatigue's association with a wide range of patient-reported outcome measures suggests that monitoring fatigue is a simple way to screen for overall disruption in patient life."", 'If we take into account baseline values of mental and physical fatigue as well as the severity of this symptom in our study series, one observes that therapy with IFN alone induces fatigue in the majority of cases after 1 and 3 months, while at month 6, the values decrease. In contrast, patients treated with IFN + carnitine show a marked and early significant reduction of fatigue levels. These data suggest that the greater energetic substrate utilised by group 2 patients may in some way provide a better response of the patients to this side-effect. Abnormalities of neurotransmission concerning serotonine seem involved in the genesis of depression and fatigue. In addition, depression and fatigue commonly occur together, and the former is the most commonly observed symptom in patients with chronic fatigue syndrome.']"
95,68,95_hif_hypoxia_1α_tumor,"['hif', 'hypoxia', '1α', 'tumor', '1alpha', 'radiation', 'cancer', 'hypoxic', 'angiogenesis', 'zol']","['Our data indicates that downregulation of HIF-1alpha is associated with positive therapeutic responses of cancer cells to EGFR-targeted therapy and suggest further investigation using HIF-1alpha as an indicator of tumor response to EGFR-targeted therapy in preclinical studies and in the clinical setting.', 'VEGF and HIF-1alpha are both expressed in epithelial ovarian cancer. VEGF expression correlated with HIF-1alpha expression, suggesting that HIF-1alpha may contribute to the overexpression of VEGF observed in epithelial ovarian cancer.', 'The potent antiangiogenic effects of hypoxic cytotoxins can be attributed to the suppression of VEGF and HIF-1 induction through the hypoxia-inducible pathway. We show an other aspect of the hypoxic cytotoxin as an HIF-1 inhibitor for hypoxia-targeted therapy to improve cancer treatment and prognosis.']"
96,67,96_exposure_air_pollution_workers,"['exposure', 'air', 'pollution', 'workers', 'fumes', 'pm2', 'asbestos', 'pollutants', 'lung', 'respiratory']","['Episodic exposure to PM(2.5) induces reversible vascular injury, reflected in part by depletion of circulating EPC levels, and increases in platelet activation and the plasma level of high-density lipoprotein. These changes were also accompanied by an increase in nonalbumin protein and may be related to mechanisms by which exposure to particulate air pollution increases the risk of cardiovascular disease and adverse cardiovascular events.', 'Despite exposures to asbestos that produced pleural plaques and exposures to metal dusts and foundry fumes the long term workers of this plant did not have excessive prevalence of COPD or SAD. The data suggest that low level long term exposure to metal dusts, gases, and foundry fumes do not necessarily cause respiratory dysfunction, circumscribed pleural plaques with low grades of width and extent do not reduce FVC significantly, and exposure to asbestos dust that produced pleural plaques does not necessarily produce airway dysfunction.', 'Finding significant declines in heart function in aged mice associated with the combined effects of air pollutants at ambient concentrations and at different time-lags is of great importance to public health. These results further implicate the potential short term and delayed effects of air pollution on HR alterations.']"
97,65,97_islets_islet_transplantation_zinc,"['islets', 'islet', 'transplantation', 'zinc', 'transplanted', 'mscs', 'pig', 'diabetes', 'graft', 'rve1']","['Native islets that are highly blood-perfused regained this feature after transplantation, indicating a superior capacity for revascularisation and post-transplant function. However, the same group of islets was more vulnerable to different kinds of cellular stress, which limited their early survival post transplantation. Preferential death of these most active islets may contribute to the high number of islets needed to provide cure with islet transplantation.', 'EC-islet co-culture can improve the function and survival of isolated islets in vitro, and EC-islet co-transplantation can effectively prolong the islet graft survival in diabetic rats.', 'Our results suggest that BM precultured with human islets may enhance the survival and function of transplanted islets, thus significantly improving the therapeutic efficacy of islet transplantation for type 1 diabetes.']"
98,65,98_autonomic_exercise_heart_hrv,"['autonomic', 'exercise', 'heart', 'hrv', 'sympathetic', 'brs', 'cardiovascular', 'bp', 'cbfv', 'lead']","['In geriatric patients with hypotensive syndromes, cardiovascular autonomic function as measured by HRV, BPV, and BRS is comparable to patients without such syndromes. These findings argue against a single or dominant etiological factor, that is, cardiac autonomic dysfunction and underline the structured, broad, and multifactorial approach to elderly patients with falls and/or syncope as proposed in the current evidence-based syncope guidelines.', 'Increasing stroke severity was associated with progressive loss of overall autonomic modulation, decline in parasympathetic tone, and baroreflex sensitivity, as well as progressive shift toward sympathetic dominance. All autonomic changes put patients with more severe stroke at increasing risk of cardiovascular complications and poor outcome. NIHSS scores are suited to predict risk of autonomic dysregulation and can be used as premonitory signs of autonomic failure.', 'The association of moderate to severe depression with reduced heart rate variability in patients with stable coronary heart disease may reflect altered cardiac autonomic modulation and may explain their increased risk for mortality.']"
99,62,99_pioglitazone_metformin_insulin_rosiglitazone,"['pioglitazone', 'metformin', 'insulin', 'rosiglitazone', 'lycopene', 'glucose', 'effect', 'diabetes', 'cholesterol', 'uptake']","['Insulin elicited a dose-dependent proliferative response in HASMC. Pretreatment with m7E3 (an anti-beta3 integrin monoclonal antibody from which abciximab is derived), c7E3 or LM609 inhibited proliferative responses to insulin by 81%, 59% and 28%, respectively. Eptifibatide or cyclic RGD peptides completely abolished insulin-induced proliferation whereas tirofiban, which binds alphaIIbbeta3 but not alphavbeta3, had no effect. Insulin-induced increases in c-Jun NH2-terminal kinase-1 (JNK1) activity were partially inhibited by m7E3 and eptifibatide whereas antagonism of alphavbeta3 integrins had no effect on insulin-induced increases in extracellular signal-regulated kinase (ERK) activity. Insulin stimulated a rapid increase in the number of vinculin-containing focal adhesions per cell and treatment with m7E3, c7E3 or eptifibatide inhibited insulin-induced increases in focal adhesions by 100%, 74% and 73%, respectively.', 'Pioglitazone monotherapy, or added to a sulfonylurea, metformin, or insulin demonstrated no significant differences in effectiveness while exhibiting similar adverse events in patients aged > or =65 years compared with patients aged <65 years. Well-controlled randomised clinical trials are recommended to confirm the impact of pioglitazone therapy on the glycaemic and lipid control in elderly patients with type 2 diabetes.', 'These results demonstrate that pioglitazone inhibits the level of serum RPB4 by suppressing RBP4 expression in adipose tissue of obese rats, suggesting that inhibiting RBP4 expression in adipocytes may provide a mechanism by which pioglitazone improves insulin sensitivity in insulin-resistant subjects.']"
100,61,100_parathyroid_thyroidectomy_parathyroidectomy_sestamibi,"['parathyroid', 'thyroidectomy', 'parathyroidectomy', 'sestamibi', 'preoperative', 'pancreatic', 'thyroid', 'hyperparathyroidism', 'ipth', 'gland']","[""Given that subtotal thyroidectomy provides an unpredictable outcome and that the risk of permanent complications is no greater than with total thyroidectomy, there appears little logical reason to continue to recommend subtotal thyroidectomy for the surgical management of Graves' disease. We believe that Graves' disease should join the increasing list of thyroid conditions for which total thyroidectomy is the preferred option."", 'Negative results on sestamibi scans should not be used as exclusion criteria for minimally invasive/focused parathyroidectomy in patients with primary hyperparathyroidism. In our study, 66 patients with negative results on preoperative scans were found to have a single adenoma and were surgically cured by minimally invasive/focused parathyroidectomy.', '(99mTc) sestamibi is a highly accurate test that can be employed as a single localizing modality for identifying a hypersecreting parathyroid, a UNE, or a parathyroidectomy. The weight of the gland plays an important role in the accuracy of the test, as also the preoperative PTH levels.']"
101,60,101_postural_pain_walking_muscle,"['postural', 'pain', 'walking', 'muscle', 'sway', 'cp', 'paretic', 'rehabilitation', 'spastic', 'gait']","['We concluded that postural sway increases following 20 days of bed rest despite maintenance of the muscle volume of plantar flexors as the main working muscles for the human postural standing.', 'It is suggested that the phase-dependent modulation of the triceps surae H-reflexes during the postural sway of quiet standing functions to maintain upright stance and may explain the results from previous studies, which, until now, had not taken the influence of postural sway on the H-reflex into consideration.', 'Alterations in self-reported pain intensities are closely related to changes in postural sway. The previously reported linear relationship between the two variables is maintained as pain levels change. Pain interference appears responsible for the altered sway in pain sufferers. This underlines the clinical use of sway measures as an objective monitoring tool during treatment or rehabilitation.']"
102,55,102_cb_cannabinoid_cannabinoids_thc,"['cb', 'cannabinoid', 'cannabinoids', 'thc', 'endocannabinoid', 'receptors', 'cbd', 'cb1', 'receptor', 'cb2']","['Methanandamide endothelium-dependent vasorelaxation is mediated by CB(1) and CB(2) cannabinoid receptors. The NO- and CYP-mediated pathways contribute in a concurrent manner in this vascular effect. Stimulation of both cannabinoid receptor subtypes is indistinctly linked to NO or CYP routes to cause vasorelaxation.', 'The high expression level of CB(1) and CB(2) receptors commonly found in malignant astrocytomas precludes the use of cannabinoids as therapeutics, unless AKT is concomitantly inhibited, or cannabinoids are applied at concentrations that bypass CB(1) and CB(2) receptors, yet still activate ERK1/2.', 'β-arrestin2 regulation of CB(1)R signaling following acute and repeated THC administration was region-specific, and results suggest that multiple, overlapping mechanisms regulate CB(1)Rs. The observations that βarr2-KO mice display enhanced antinociceptive responses to acute THC and decreased tolerance to the antinociceptive effects of the drug, yet enhanced tolerance to catalepsy, suggest that development of cannabinoid drugs that minimize CB(1)R interactions with β-arrestin2 might produce improved cannabinoid analgesics with reduced motor suppression.']"
103,51,103_ethanol_alcohol_pacap_alcoholic,"['ethanol', 'alcohol', 'pacap', 'alcoholic', 'cholesterol', 'liver', 'induced', 'injury', 'these', 'phospholipids']","['SAMe depletion occurs already after 8 weeks of alcohol feeding and is fully corrected by PPC, in parallel with the prevention by PPC of the alcohol-induced oxidative stress. Since phosphatidylcholines (PCs) are produced in the liver via methylation of phosphatidylethanolamine by SAMe, it is likely that PPC, by providing PCs, decreases the utilization of SAMe and thereby contributes to its restoration, with replenishment of GSH and correction of the alcohol-induced oxidative stress.', '1. Alcohol consumption diminishes phosphatidylethanolamine N-methyltransferase activity prior to the development of cirrhosis and decreases the hepatic content of its product, namely phosphatidylcholine, a key component of cell membranes. This may promote hepatic injury and possibly trigger fibrosis. 2. Phosphatidylcholine administration ameliorates the ethanol-induced decrease in phosphatidylethanolamine N-methyltransferase activity and corrects phospholipid and phosphatidylcholine depletions, thereby possibly contributing to the protection against alcoholic liver injury.', 'These data suggest that alcohol metabolites, not alcohol, lead to increased Gi-protein expression in HCC in vitro. Ethanol and ethanol metabolites, in contrast, fail to significantly alter Gialpha1/2 protein expression in hepatocytes. These data may have significant implications in HCC progression in vivo.']"
104,50,104_dhea_myostatin_insulin_levels,"['dhea', 'myostatin', 'insulin', 'levels', 'drsp', 'mirnas', 'testosterone', 'diabetes', 'muscle', 'glucose']","['Muscle-specific myostatin expression is not increased under catabolic conditions in insulin-deprived diabetes. Insulin treatment also does not change myostatin transcript levels. The data provide the first assessment of potential interplay between insulin and myostatin and they do not support a major role of circulating insulin in the in vivo regulation of myostatin gene expression. A role of myostatin in muscle catabolism in chronic insulin-deprived diabetes is also not indicated by the current results.', 'Our data suggested that serum DHEA-S levels are lower in women with PA. In subtype groups, only women with APA had lower serum DHEA-S. There was no significant difference between subjects with bilateral essential hyperplasia, PA with negative imaging findings, normal controls and subjects with essential hypertension in both genders. The serum DHEA-S level is negatively correlated with the size of APA.', 'This study shows that short-term treatment with DHEA increased platelet cGMP production, a marker of NO production, in healthy elderly subjects. This effect is coupled with a decrease in PAI-1 and LDL cholesterol levels as well as an increase in testosterone and E(2) levels. These findings, therefore, suggest that chronic DHEA supplementation would exert antiatherogenic effects, particularly in elderly subjects who display low circulating levels of this hormone.']"
105,47,105_tsh_thyroid_hypothyroidism_hyperthyroidism,"['tsh', 'thyroid', 'hypothyroidism', 'hyperthyroidism', 'euthyroid', 'graves', 'hypothyroid', 'iodine', 'hormone', '131']","['Small changes in T(4) dosage do not produce measurable changes in hypothyroid symptoms, well-being, or quality of life, despite the expected changes in serum TSH and markers of thyroid hormone action. These data do not support the suggestion that the target TSH range for the treatment of primary hypothyroidism should differ from the general laboratory range.', 'Despite being within the normal range, high TSH concentrations are associated with a lower cognitive function and high TSH and low free T4 with ADHD symptoms in healthy preschoolers. Statistically significant differences were observed in the highest quartiles of TSH, suggesting a need for re-evaluation of the upper limit of the normal TSH range.', 'For the same degree of thyroid failure, the serum TSH is lower among the elderly. This is most likely caused by a decrease in the hypothalamic/pituitary response to low serum T4. A certain increase in serum TSH may indicate more severe hypothyroidism in an old than in a young patient, and longer time may be needed after thyroid hormone withdrawal before elderly patients with thyroid cancer reach sufficiently high TSH values to allow for an effective radio-iodine treatment.']"
106,47,106_complement_grzb_odn_immune,"['complement', 'grzb', 'odn', 'immune', 'cd8', 'cells', 'cpg', 'aav', 'skin', 'bcg']","['The effect of the TLR3 ligand on keratinocytes suggests contribution of viral dsRNA to skin inflammations under the influence of a cytokine milieu. The results imply that viral dsRNA and a T(H)2 cytokine milieu might promote T(H)2-type inflammation through an induction of TSLP expression, suggesting that a vicious cycle exists between AD with T(H)2-type inflammation and viral infections and a possible blockade of this cycle by other cytokine milieus provided by cells, such as T(H)1, regulatory T, and T(H)17 cells.', 'Although measurement of intracellular GrzB by flow cytometry suggests that a larger proportion of CD8 T cells have higher capacity for GrzB production compared to CD4 T cells, ELISpot and ELISA show that similar numbers of activated CD4 and CD8 T cells secrete similar amounts of GrzB. Secretion of GrzB by activated CD8 T cells may be more tightly controlled compared to CD4 T cells.', 'Even without pre-existence of bacterial flora CpG-ODN exposition induces tolerance, indicating that CpG-ODN-induced regulatory T-cells are not bacterial antigen specific. TGF-beta and IFN-alpha/beta play major roles in induction of regulatory cells, and although IL10-independent mechanisms play a role in CpG-ODN protection, this cytokine likely is important for the effector mechanism of CpG-ODN-induced regulatory T-cells.']"
107,47,107_ptsd_stress_trauma_childhood,"['ptsd', 'stress', 'trauma', 'childhood', 'abuse', 'psychopathology', 'spindle', 'anxiety', 'disorder', 'traumatic']","['We provide novel evidence that physiological reactivity prior to exposure to an unpredictable traumatic stressor predicts PTSD symptom onset. These findings have implications for identifying youths most vulnerable to PTSD following wide-scale trauma.', ""Criteria for PTSD form an underlying dimension reflecting the individual's level of responsivity to traumatic and non-traumatic stressful life events. PTSD symptoms form a continuum of severity with minor stress symptoms at one end and severe PTSD at the other."", 'Combat-related PTSD in males is associated with higher levels of pro-inflammatory cytokines, even after accounting for depression and early life trauma. These results, from one of the largest studies of inflammatory cytokines in PTSD to date, suggest that immune activation may be a core element of PTSD pathophysiology more so than a signature of combat exposure alone.']"
108,45,108_peritoneal_peritonitis_pd_intraperitoneal,"['peritoneal', 'peritonitis', 'pd', 'intraperitoneal', 'dialysate', 'dialysis', 'fluid', 'pyruvate', 'transport', 'membrane']","['Our results suggest that (1) daily infusion of dialysis fluid into the peritoneal cavity may increase peritoneal lymphatic absorption: (2) daily infusion of 3.86% glucose dialysate may increase peritoneal transport for small solutes.', '1) Daily infusion of physiological saline into peritoneal cavity may increase the peritoneal lymphatic flow; 2) The significant (apparent) increase in IPV shortly after infusion may suggest increased RISA binding to peritoneal tissues (which may be related to the damage of the tissues, and results in overestimation of the peritoneal fluid absorption rate); 3) Saline is not a biocompatible peritoneal dialysis solution, and should therefore not be used as a control or flush solution.', 'Replacement of lactate by pyruvate resulted in changes in peritoneal solute transport, accompanied by a reduction in both peritoneal membrane angiogenesis and fibrosis, suggesting potentially novel mechanisms to reduce glucose-driven alterations to the peritoneal membrane in PD patients.']"
109,44,109_heat_exercise_temperature_performance,"['heat', 'exercise', 'temperature', 'performance', 'water', 'hot', 'cold', 'during', 'core', 'thermoregulatory']","['These results suggest that prior warming by both active and, to a greater extent, passive warming, may predispose a person to greater heat loss and to experience a larger decline in core temperature when subsequently exposed to cold water. Thus, functional time and possibly survival time could be reduced when cold water immersion is preceded by whole-body passive warming, and to a lesser degree by active warming.', 'We show that ingestion of hot water elicits a greater HL relative to cold water ingestion during exercise. However, this response was only compensated for the heat of the ingested fluid as evidenced by similar ΔHb between conditions. Therefore, our findings indicate that relative to cold water ingestion, consuming hot water does not provide a thermoregulatory advantage. Both hot and cold water ingestion results in the same amount of heat stored during prolonged moderate-intensity exercise.', 'Heat strain was increased during endurance exercise in the heat conducted 30 min after and, to a much lesser extent, 24 h after muscle-damaging exercise. These data indicate that EIMD is a likely risk factor for exertional heat illness particularly during exercise heat stress when behavioral thermoregulation cues are ignored.']"
110,44,110_ra_joint_mri_remission,"['ra', 'joint', 'mri', 'remission', 'radiographic', 'measures', 'wrist', 'joints', 'rheumatoid', 'disease']","['Both baseline and 1-year cumulative measures of MRI synovitis and bone marrow oedema independently predicted 3-year radiographic progression. These results confirm that MRI synovitis and MRI bone marrow oedema precede radiographic progression in patients with early RA.', 'Detection of survivin in early RA predicted joint destruction and failure of achieving remission after 5 years in patients with early RA.', 'In a randomised controlled trial aiming at remission in patients with early RA, baseline RAMRIS MRI bone oedema score of MCP and wrist joints (and of wrist only) was the strongest independent predictor of radiographic progression in hands, wrists and forefeet after 2 years. MRI synovitis score, MRI erosion score, DAS28, anti-CCP, SE, smoking, age and gender were not independent risk factors.']"
111,43,111_resveratrol_quercetin_metabolites_islet,"['resveratrol', 'quercetin', 'metabolites', 'islet', 'induced', 'p35', 'morphine', 'effects', 'potent', 'gliomas']","['Our results show that resveratrol has an antiapoptotic effect in EBI and that resveratrol might act through the PI3K/Akt signaling pathway.', 'These data suggest that resveratrol can inhibit tumor growth and can induce apoptosis via the intrinsic mitochondrial pathway and that by further increasing bioavailability of resveratrol the potency of the drug can be increased, leading to tumor regression. The nontoxic nature of the drug at levels needed for therapy make resveratrol an attractive candidate for the treatment of uveal melanoma.', 'The present study shows for the first time that resveratrol metabolites have a regulatory effect on adipokine expression and secretion. Since resveratrol has been reported to reduce body-fat accumulation and to improve insulin sensitivity, and considering that these effects are mediated in part by changes in the analyzed adipokines, it may be proposed that resveratrol metabolites play a part in these beneficial effects of resveratrol.']"
112,43,112_anastomotic_leakage_anastomosis_trpa1,"['anastomotic', 'leakage', 'anastomosis', 'trpa1', 'postoperative', 'anastomoses', 'sealing', 'imasp', 'surgery', 'colorectal']","['Anastomotic sealing using TissuCol(®), Histoacryl(®) Flex, or Duraseal(®) seems to be an effective and safe option to prevent leakage in contaminated colorectal surgery. The presence of large numbers of anti-inflammatory macrophages seems to be involved in preventing the leakage.', 'The technique of anastomosis is not significantly related to anastomotic leakage rate. However, patients with end-to-end anastomoses develop postoperative strictures more frequently, requiring a higher number of dilations compared to end-to-side anastomoses.', 'Additional sealing of the anastomosis increased anastomotic strength during early postoperative recovery when anastomotic strength is at its weakest. The findings indicate that sealing of the anastomosis has the potential to prevent leakage after esophagectomy in humans.']"
113,43,113_resection_melanoma_hepatectomy_liver,"['resection', 'melanoma', 'hepatectomy', 'liver', 'hepatic', 'examination', 'melanomas', 'melanocytic', 'dermoscopic', 'clm']","['Major hepatic resection is more effective in reducing the risk of intrahepatic recurrences than limited hepatic resection in patients with resectable colorectal carcinoma liver metastases.', 'The results of the present study indicate that when liver resection is necessary, repeated minor liver resection will be superior to major liver resection, because major resection, unlike repeated minor resection, stimulates metastasis. This should be taken into consideration in clinical situations that require liver resection.', 'Repeat liver resection for colorectal liver metastases is safe. Patients with a low tumor load are the best candidates for a repeat resection. In well-selected patients, further resection of the liver can provide prolonged survival after recurrence of colorectal liver metastases.']"
114,41,114_alerts_dnr_cdss_ed,"['alerts', 'dnr', 'cdss', 'ed', 'nurses', 'edwin', 'information', 'alert', 'cpoe', 'errors']","['Using clusters of drug interaction alerts with similar management recommendations in CDSSs can substantially decrease the overall alert rate. Further research is needed to establish the applicability of this concept in daily practice.', 'Most contraindicated drug-drug interaction alerts from a commercial knowledge base were inappropriately categorized and could be downgraded. Some contraindicated drug combinations are permissible under specific circumstances. Alerts suggesting that certain drugs should never be used together, but their use together is sometimes acceptable, contribute to alert fatigue.', 'The investigated CDSS in Dutch community pharmacy generated one or more drug therapy alerts in nearly half of the processed prescriptions. The majority of alerts were concentrated in a minority of therapeutic drug groups and patients. To decrease the alert burden, CDSS improvements should be directed at the prioritization and integration of drug therapy alerts for these therapeutic groups within patients.']"
115,41,115_aki_fluid_catecholamine_septic,"['aki', 'fluid', 'catecholamine', 'septic', 'mortality', 'resuscitation', 'balance', 'patients', 'epinephrine', 'cardiac']","['Fluid resuscitation results in positive fluid balance in both septic and control animals. This leads to circulatory stabilization of septic animals, but not a decrease in the anaerobic share of glycolysis. A positive fluid balance in control animals does not result in alteration of muscular aerobic glycolysis. Decreasing glycerol levels in both groups give evidence that a positive fluid balance does not exert a negative impact on cell metabolism.', 'A more positive fluid balance both early in resuscitation and cumulatively over 4 days is associated with an increased risk of mortality in septic shock. Central venous pressure may be used to gauge fluid balance ≤ 12 hrs into septic shock but becomes an unreliable marker of fluid balance thereafter. Optimal survival in the VASST study occurred with a positive fluid balance of approximately 3 L at 12 hrs.', 'Choice of hemodynamic monitoring is homogenous throughout German centers treating cardiac surgery patients. Norepinephrine is the first line catecholamine in cases of decrease in peripheral vascular resistance. However, catecholamine choice for low cardiac output syndrome varies considerably. HES was the primary colloid used for fluid resuscitation. After conduct of this survey, HES use was restricted by European regulatory authorities in critically ill patients and should only be considered as second-line fluid in surgical patients without renal impairment or severe coagulopathy. Large clinical studies addressing catecholamine and fluid therapy in cardiac surgery patients are lacking.']"
116,41,116_femoral_screw_fractures_pedicle,"['femoral', 'screw', 'fractures', 'pedicle', 'hip', 'screws', 'stem', 'fixation', 'healing', 'bone']","['These data suggest this modular femoral stem can provide long-term survivorship with no cases of aseptic loosening at 15 to 20 years after primary THA. However, it may be prudent when using this femoral stem to consider an articulation with an alternative bearing or, if the modularity is not needed to address femoral anteversion and metaphyseal-diaphyseal mismatch, to consider a nonmodular femoral stem.', 'Soft-tissue releases combined with femoral and pelvic osteotomies have reported poor results with regard to their long-term inefficacy in children. The outcomes of our series support these findings, since surgical procedures had been performed previously in 76% of the hips. Therefore, we believe that proximal femoral resection is a promising and reliable surgical treatment option to address such failures, in case of severe and painful deformities of the hip. The success of our series corroborates Widemann, Mc Carthy and Abu-Rajab encouraging results on proximal femoral resection. Postoperatively, we advise placement of a hip spica cast immobilization with a soft cotton lining to prevent pressure sores from developing. This surgical procedure seems to be an appropriate management in nonambulatory multiply handicapped children reporting more promising results than other surgical treatment options such as rotational osteotomy, arthrodesis or even arthroplasty.', 'The elucidated risk factors of nonunion after femoral nailing were identified as open fracture, infra-isthmal femoral fracture, breakage of locking screw, and inappropriate dynamization. We believe that the surgeon should be consciously aware of the need for additional surgical fixation for the distal fragment when performing femoral nailing of infra-isthmal femoral fractures.']"
